timeOpen;timeClose;timeHigh;timeLow;name;open;high;low;close;volume;marketCap;circulatingSupply;timestamp
"2025-12-27T00:00:00.000Z";"2025-12-27T23:59:59.999Z";"2025-12-27T23:52:00.000Z";"2025-12-27T00:25:00.000Z";"2781";0.1220134693;0.1244851743;0.1219193989;0.1242237807;481541479.01;20878932127.03;168074043126.58;"2025-12-27T23:59:59.999Z"
"2025-12-26T00:00:00.000Z";"2025-12-26T23:59:59.999Z";"2025-12-26T02:34:00.000Z";"2025-12-26T17:02:00.000Z";"2781";0.1235446244;0.1272435634;0.1207751854;0.1220133503;1170409214.98;20505630402.94;168060383126.58;"2025-12-26T23:59:59.999Z"
"2025-12-25T00:00:00.000Z";"2025-12-25T23:59:59.999Z";"2025-12-25T02:49:00.000Z";"2025-12-25T23:41:00.000Z";"2781";0.12851722;0.1288577285;0.1232529476;0.123544518;726734768.88;18820161259.37;152334926383.71;"2025-12-25T23:59:59.999Z"
"2025-12-24T00:00:00.000Z";"2025-12-24T23:59:59.999Z";"2025-12-24T01:14:00.000Z";"2025-12-24T06:16:00.000Z";"2781";0.1291933148;0.1301806934;0.1267146333;0.1285177802;638034559.73;21595167839.36;168033263126.58;"2025-12-24T23:59:59.999Z"
"2025-12-23T00:00:00.000Z";"2025-12-23T23:59:59.999Z";"2025-12-23T02:21:00.000Z";"2025-12-23T14:58:00.000Z";"2781";0.1324337105;0.1335000389;0.1282128301;0.1291950255;920201581.22;21707006894.79;168019583126.58;"2025-12-23T23:59:59.999Z"
"2025-12-22T00:00:00.000Z";"2025-12-22T23:59:59.999Z";"2025-12-22T16:19:00.000Z";"2025-12-22T02:07:00.000Z";"2781";0.1310574347;0.1349883971;0.1299997173;0.1324338309;1123402770.58;22249627913.62;168005773126.58;"2025-12-22T23:59:59.999Z"
"2025-12-21T00:00:00.000Z";"2025-12-21T23:59:59.999Z";"2025-12-21T09:55:00.000Z";"2025-12-21T14:01:00.000Z";"2781";0.1319518667;0.1329973624;0.1289078122;0.1310578602;662389637.26;22016616706.19;167992123126.58;"2025-12-21T23:59:59.999Z"
"2025-12-20T00:00:00.000Z";"2025-12-20T23:59:59.999Z";"2025-12-20T08:37:00.000Z";"2025-12-20T02:16:00.000Z";"2781";0.1322153078;0.1324520561;0.1307720259;0.1319519772;537943591.26;22165073094.74;167978473126.58;"2025-12-20T23:59:59.999Z"
"2025-12-19T00:00:00.000Z";"2025-12-19T23:59:59.999Z";"2025-12-19T20:23:00.000Z";"2025-12-19T02:18:00.000Z";"2781";0.1220479758;0.1331128756;0.1207325823;0.1322143065;1479134848.26;22207532682.7;167964913126.58;"2025-12-19T23:59:59.999Z"
"2025-12-18T00:00:00.000Z";"2025-12-18T23:59:59.999Z";"2025-12-18T15:44:00.000Z";"2025-12-18T19:59:00.000Z";"2781";0.1261761328;0.1304198506;0.1202343836;0.1220466519;1762583321.52;18580488204.09;152239216383.71;"2025-12-18T23:59:59.999Z"
"2025-12-17T00:00:00.000Z";"2025-12-17T23:59:59.999Z";"2025-12-17T15:19:00.000Z";"2025-12-17T19:14:00.000Z";"2781";0.1317409516;0.1359220985;0.1251128512;0.1261754111;1368935538.22;19207216875;152225436383.71;"2025-12-17T23:59:59.999Z"
"2025-12-16T00:00:00.000Z";"2025-12-16T23:59:59.999Z";"2025-12-16T15:58:00.000Z";"2025-12-16T04:51:00.000Z";"2781";0.1297319379;0.1329325009;0.1282177027;0.1317395774;1026120709.59;20052538760.14;152211886383.71;"2025-12-16T23:59:59.999Z"
"2025-12-15T00:00:00.000Z";"2025-12-15T23:59:59.999Z";"2025-12-15T02:23:00.000Z";"2025-12-15T18:37:00.000Z";"2781";0.1341646305;0.1380748098;0.127318299;0.1297317296;1383279585.34;21783317349.11;167910213126.58;"2025-12-15T23:59:59.999Z"
"2025-12-14T00:00:00.000Z";"2025-12-14T23:59:59.999Z";"2025-12-14T02:36:00.000Z";"2025-12-14T23:34:00.000Z";"2781";0.1391656668;0.1392378031;0.1333960608;0.134163886;831077846.84;22525777677.78;167896543126.58;"2025-12-14T23:59:59.999Z"
"2025-12-13T00:00:00.000Z";"2025-12-13T23:59:59.999Z";"2025-12-13T12:19:00.000Z";"2025-12-13T00:00:00.000Z";"2781";0.1369492091;0.1399044158;0.1369466559;0.1391656668;519857549.16;23363562597.13;167883093126.58;"2025-12-13T23:59:59.999Z"
"2025-12-12T00:00:00.000Z";"2025-12-12T23:59:59.999Z";"2025-12-12T06:17:00.000Z";"2025-12-12T16:44:00.000Z";"2781";0.1403843679;0.1413895911;0.1347087475;0.1369492091;1065894918.13;22989592943.95;167869483126.58;"2025-12-12T23:59:59.999Z"
"2025-12-11T00:00:00.000Z";"2025-12-11T23:59:59.999Z";"2025-12-11T00:07:00.000Z";"2025-12-11T16:14:00.000Z";"2781";0.1434985736;0.1435428343;0.1365346066;0.1403843679;1459697024.73;23564365913.8;167856053126.58;"2025-12-11T23:59:59.999Z"
"2025-12-10T00:00:00.000Z";"2025-12-10T23:59:59.999Z";"2025-12-10T20:19:00.000Z";"2025-12-10T22:19:00.000Z";"2781";0.1480372319;0.1501213318;0.1428246181;0.143514542;1454774688.37;21830523579.46;152130596383.71;"2025-12-10T23:59:59.999Z"
"2025-12-09T00:00:00.000Z";"2025-12-09T23:59:59.999Z";"2025-12-09T17:18:00.000Z";"2025-12-09T06:40:00.000Z";"2781";0.1425997523;0.1529128316;0.13962724;0.1480370072;1669844829.24;22518976104.52;152116976383.71;"2025-12-09T23:59:59.999Z"
"2025-12-08T00:00:00.000Z";"2025-12-08T23:59:59.999Z";"2025-12-08T14:47:00.000Z";"2025-12-08T01:01:00.000Z";"2781";0.1385707572;0.1446077016;0.1382453436;0.1425993079;1167700280.12;23047247583.95;161621932798.58;"2025-12-08T23:59:59.999Z"
"2025-12-07T00:00:00.000Z";"2025-12-07T23:59:59.999Z";"2025-12-07T18:31:00.000Z";"2025-12-07T15:02:00.000Z";"2781";0.1397446419;0.142831532;0.135270685;0.1385764123;1065448744.32;22394162718.98;161608142798.58;"2025-12-07T23:59:59.999Z"
"2025-12-06T00:00:00.000Z";"2025-12-06T23:59:59.999Z";"2025-12-06T14:19:00.000Z";"2025-12-06T09:01:00.000Z";"2781";0.1396315885;0.1405849262;0.1385645523;0.139743213;637344480.58;22581981297.11;161594612798.58;"2025-12-06T23:59:59.999Z"
"2025-12-05T00:00:00.000Z";"2025-12-05T23:59:59.999Z";"2025-12-05T02:41:00.000Z";"2025-12-05T19:06:00.000Z";"2781";0.147503289;0.148284392;0.1376614704;0.1396316938;1279447425.79;22561837229.22;161581182798.58;"2025-12-05T23:59:59.999Z"
"2025-12-04T00:00:00.000Z";"2025-12-04T23:59:59.999Z";"2025-12-04T01:17:00.000Z";"2025-12-04T19:26:00.000Z";"2781";0.1519198392;0.15273083;0.1459839432;0.1475030807;1232527768.19;23831746908.58;161567562798.58;"2025-12-04T23:59:59.999Z"
"2025-12-03T00:00:00.000Z";"2025-12-03T23:59:59.999Z";"2025-12-03T23:11:00.000Z";"2025-12-03T00:38:00.000Z";"2781";0.1459697155;0.1529187827;0.1453895733;0.1519444571;1522255570.02;24543200404.68;161553622798.58;"2025-12-03T23:59:59.999Z"
"2025-12-02T00:00:00.000Z";"2025-12-02T23:59:59.999Z";"2025-12-02T15:47:00.000Z";"2025-12-02T09:00:00.000Z";"2781";0.1355882047;0.1472461458;0.1347008079;0.1459718695;1442143940.11;22190467431.29;152021036383.71;"2025-12-02T23:59:59.999Z"
"2025-12-01T00:00:00.000Z";"2025-12-01T23:59:59.999Z";"2025-12-01T00:01:00.000Z";"2025-12-01T17:01:00.000Z";"2781";0.1466689504;0.1466709376;0.1323662117;0.135588397;1935250412.39;20610465572.83;152007806383.71;"2025-12-01T23:59:59.999Z"
"2025-11-30T00:00:00.000Z";"2025-11-30T23:59:59.999Z";"2025-11-30T13:38:00.000Z";"2025-11-30T23:59:00.000Z";"2781";0.1485688535;0.1504819307;0.1466685514;0.1466685514;717631352.35;22292739785.19;151993586383.71;"2025-11-30T23:59:59.999Z"
"2025-11-29T00:00:00.000Z";"2025-11-29T23:59:59.999Z";"2025-11-29T01:19:00.000Z";"2025-11-29T18:36:00.000Z";"2781";0.1502787336;0.1508009805;0.1476192919;0.148568541;648320199.3;22579533934.98;151980266383.71;"2025-11-29T23:59:59.999Z"
"2025-11-28T00:00:00.000Z";"2025-11-28T23:59:59.999Z";"2025-11-28T15:33:00.000Z";"2025-11-28T18:08:00.000Z";"2781";0.1526895083;0.1550081708;0.1486302469;0.1502800798;1307624427.06;22837391235.97;151966886383.71;"2025-11-28T23:59:59.999Z"
"2025-11-27T00:00:00.000Z";"2025-11-27T23:59:59.999Z";"2025-11-27T02:32:00.000Z";"2025-11-27T12:59:00.000Z";"2781";0.1547779477;0.1554625072;0.1523588006;0.1526894301;922512953.44;23201645097.5;151953106383.71;"2025-11-27T23:59:59.999Z"
"2025-11-26T00:00:00.000Z";"2025-11-26T23:59:59.999Z";"2025-11-26T18:19:00.000Z";"2025-11-26T12:23:00.000Z";"2781";0.1529722429;0.1566017138;0.1489002598;0.1547777124;1505665002.31;23516835449.1;151939186383.71;"2025-11-26T23:59:59.999Z"
"2025-11-25T00:00:00.000Z";"2025-11-25T23:59:59.999Z";"2025-11-25T23:19:00.000Z";"2025-11-25T14:52:00.000Z";"2781";0.1517948294;0.1547385141;0.1463094594;0.1529721439;1584986684.07;23240446659.25;151925906383.71;"2025-11-25T23:59:59.999Z"
"2025-11-24T00:00:00.000Z";"2025-11-24T23:59:59.999Z";"2025-11-24T20:56:00.000Z";"2025-11-24T14:52:00.000Z";"2781";0.1448309438;0.1535951492;0.1437798893;0.1517942767;1886500746.61;23059446468.7;151911936383.71;"2025-11-24T23:59:59.999Z"
"2025-11-23T00:00:00.000Z";"2025-11-23T23:59:59.999Z";"2025-11-23T16:09:00.000Z";"2025-11-23T00:50:00.000Z";"2781";0.1403043805;0.1474255583;0.1397603141;0.1448309438;1345739666.32;21999646036.84;151898796383.71;"2025-11-23T23:59:59.999Z"
"2025-11-22T00:00:00.000Z";"2025-11-22T23:59:59.999Z";"2025-11-22T22:56:00.000Z";"2025-11-22T04:44:00.000Z";"2781";0.1401822879;0.1419058309;0.1358976416;0.1403042795;1508164779.87;21310147166.63;151885116383.71;"2025-11-22T23:59:59.999Z"
"2025-11-21T00:00:00.000Z";"2025-11-21T23:59:59.999Z";"2025-11-21T01:31:00.000Z";"2025-11-21T12:31:00.000Z";"2781";0.1490933032;0.1506262384;0.1341135777;0.1401818603;3788412140.4;21289705051.41;151871576383.71;"2025-11-21T23:59:59.999Z"
"2025-11-20T00:00:00.000Z";"2025-11-20T23:59:59.999Z";"2025-11-20T14:59:00.000Z";"2025-11-20T19:10:00.000Z";"2781";0.1543252424;0.1590998491;0.1464359604;0.1490919177;2500681052.71;22640993893.41;151857886383.71;"2025-11-20T23:59:59.999Z"
"2025-11-19T00:00:00.000Z";"2025-11-19T23:59:59.999Z";"2025-11-19T02:18:00.000Z";"2025-11-19T18:55:00.000Z";"2781";0.1617043719;0.1620974556;0.1473095402;0.1543247727;2265496568.35;23433418646.98;151844366383.71;"2025-11-19T23:59:59.999Z"
"2025-11-18T00:00:00.000Z";"2025-11-18T23:59:59.999Z";"2025-11-18T22:38:00.000Z";"2025-11-18T00:47:00.000Z";"2781";0.1518920781;0.1625333183;0.150102445;0.1617043719;2444487368.74;24551692243.61;151830726383.71;"2025-11-18T23:59:59.999Z"
"2025-11-17T00:00:00.000Z";"2025-11-17T23:59:59.999Z";"2025-11-17T14:53:00.000Z";"2025-11-17T21:52:00.000Z";"2781";0.1586605568;0.1639451821;0.1509192897;0.1518923666;2792290270.18;23059720087.46;151816476383.71;"2025-11-17T23:59:59.999Z"
"2025-11-16T00:00:00.000Z";"2025-11-16T23:59:59.999Z";"2025-11-16T10:01:00.000Z";"2025-11-16T17:58:00.000Z";"2781";0.1631370737;0.1653283023;0.1544168831;0.1586606399;1764383844.86;24085209812.76;151803386383.71;"2025-11-16T23:59:59.999Z"
"2025-11-15T00:00:00.000Z";"2025-11-15T23:59:59.999Z";"2025-11-15T17:58:00.000Z";"2025-11-15T00:01:00.000Z";"2781";0.1574657658;0.1642928037;0.1574649089;0.1631369662;1245164552.98;24762502422.18;151789546383.71;"2025-11-15T23:59:59.999Z"
"2025-11-14T00:00:00.000Z";"2025-11-14T23:59:59.999Z";"2025-11-14T07:52:00.000Z";"2025-11-14T23:11:00.000Z";"2781";0.1642962449;0.1657192134;0.1554169423;0.1574657658;3090051874.02;23899523500.98;151775996383.71;"2025-11-14T23:59:59.999Z"
"2025-11-13T00:00:00.000Z";"2025-11-13T23:59:59.999Z";"2025-11-13T07:31:00.000Z";"2025-11-13T21:40:00.000Z";"2781";0.1700812369;0.1767949067;0.1603216446;0.164295697;2729846444.35;24933975406.44;151762296383.71;"2025-11-13T23:59:59.999Z"
"2025-11-12T00:00:00.000Z";"2025-11-12T23:59:59.999Z";"2025-11-12T14:19:00.000Z";"2025-11-12T19:35:00.000Z";"2781";0.1720199584;0.1782840865;0.167481477;0.1700808546;1803938274.74;25809607684.7;151748706383.71;"2025-11-12T23:59:59.999Z"
"2025-11-11T00:00:00.000Z";"2025-11-11T23:59:59.999Z";"2025-11-11T01:23:00.000Z";"2025-11-11T23:55:00.000Z";"2781";0.1818129629;0.1853456609;0.1718704273;0.1720248317;2107396312.2;26101392716.51;151734676383.71;"2025-11-11T23:59:59.999Z"
"2025-11-10T00:00:00.000Z";"2025-11-10T23:59:59.999Z";"2025-11-10T09:52:00.000Z";"2025-11-10T16:48:00.000Z";"2781";0.1792592265;0.1850185578;0.1776603856;0.1818139585;2127003685.42;27584838435.81;151720966383.71;"2025-11-10T23:59:59.999Z"
"2025-11-09T00:00:00.000Z";"2025-11-09T23:59:59.999Z";"2025-11-09T23:04:00.000Z";"2025-11-09T03:49:00.000Z";"2781";0.1761820482;0.1809643314;0.1716786515;0.1792602853;1608940508.62;27194972034.98;151707516383.71;"2025-11-09T23:59:59.999Z"
"2025-11-08T00:00:00.000Z";"2025-11-08T23:59:59.999Z";"2025-11-08T03:35:00.000Z";"2025-11-08T16:10:00.000Z";"2781";0.178673944;0.1830085978;0.1733117376;0.1761820473;2236137677.13;26725695561.45;151693636383.71;"2025-11-08T23:59:59.999Z"
"2025-11-07T00:00:00.000Z";"2025-11-07T23:59:59.999Z";"2025-11-07T18:13:00.000Z";"2025-11-07T14:40:00.000Z";"2781";0.1614080496;0.1813836042;0.1604859925;0.1786726564;2931787386.73;27101270322.22;151680036383.71;"2025-11-07T23:59:59.999Z"
"2025-11-06T00:00:00.000Z";"2025-11-06T23:59:59.999Z";"2025-11-06T00:00:00.000Z";"2025-11-06T16:46:00.000Z";"2781";0.1673788881;0.1673796967;0.1577309151;0.1614060765;1870692567.34;24480209518.03;151666596383.71;"2025-11-06T23:59:59.999Z"
"2025-11-05T00:00:00.000Z";"2025-11-05T23:59:59.999Z";"2025-11-05T18:53:00.000Z";"2025-11-05T01:46:00.000Z";"2781";0.1626950434;0.1684627229;0.1553047353;0.1673804033;2522587574.95;25383486484.95;151652856383.71;"2025-11-05T23:59:59.999Z"
"2025-11-04T00:00:00.000Z";"2025-11-04T23:59:59.999Z";"2025-11-04T04:16:00.000Z";"2025-11-04T21:40:00.000Z";"2781";0.1672417315;0.1708845581;0.1524958188;0.1626947656;4796083615.84;24670934241.01;151639126383.71;"2025-11-04T23:59:59.999Z"
"2025-11-03T00:00:00.000Z";"2025-11-03T23:59:59.999Z";"2025-11-03T00:00:00.000Z";"2025-11-03T15:34:00.000Z";"2781";0.1865722528;0.1865783587;0.1638271701;0.1672432794;3648984898.69;25358090482.25;151625376383.71;"2025-11-03T23:59:59.999Z"
"2025-11-02T00:00:00.000Z";"2025-11-02T23:59:59.999Z";"2025-11-02T07:56:00.000Z";"2025-11-02T16:19:00.000Z";"2781";0.1872803223;0.1886766866;0.1824797539;0.1865728651;967206771.61;28286567467.44;151611866383.71;"2025-11-02T23:59:59.999Z"
"2025-11-01T00:00:00.000Z";"2025-11-01T23:59:59.999Z";"2025-11-01T20:44:00.000Z";"2025-11-01T02:13:00.000Z";"2781";0.1864321308;0.1883833429;0.1852987995;0.187280652;849876270.77;28391368446.75;151598246383.71;"2025-11-01T23:59:59.999Z"
"2025-10-31T00:00:00.000Z";"2025-10-31T23:59:59.999Z";"2025-10-31T19:52:00.000Z";"2025-10-31T00:07:00.000Z";"2781";0.1827134585;0.1877564245;0.1825097118;0.1864326308;1579798665.2;28260160992.9;151584176383.71;"2025-10-31T23:59:59.999Z"
"2025-10-30T00:00:00.000Z";"2025-10-30T23:59:59.999Z";"2025-10-30T02:46:00.000Z";"2025-10-30T19:49:00.000Z";"2781";0.1923831343;0.1944886709;0.1767858707;0.1827103849;3112664145.9;27694050001.45;151570936383.71;"2025-10-30T23:59:59.999Z"
"2025-10-29T00:00:00.000Z";"2025-10-29T23:59:59.999Z";"2025-10-29T13:19:00.000Z";"2025-10-29T18:44:00.000Z";"2781";0.193755436;0.1972697958;0.1890765275;0.1923898423;2590886109.41;29157104255.22;151557486383.71;"2025-10-29T23:59:59.999Z"
"2025-10-28T00:00:00.000Z";"2025-10-28T23:59:59.999Z";"2025-10-28T14:22:00.000Z";"2025-10-28T21:28:00.000Z";"2781";0.2003816728;0.2029072139;0.1912203399;0.1937571381;2809894306.13;29362378145.96;151543506383.71;"2025-10-28T23:59:59.999Z"
"2025-10-27T00:00:00.000Z";"2025-10-27T23:59:59.999Z";"2025-10-27T02:13:00.000Z";"2025-10-27T23:22:00.000Z";"2781";0.2056676291;0.2093150501;0.199802552;0.2003816728;1984421014.07;30363874226.6;151530196383.71;"2025-10-27T23:59:59.999Z"
"2025-10-26T00:00:00.000Z";"2025-10-26T23:59:59.999Z";"2025-10-26T23:38:00.000Z";"2025-10-26T03:50:00.000Z";"2781";0.196590012;0.20641085;0.1947933379;0.2056700569;1679630618.3;31162129075.21;151516936383.71;"2025-10-26T23:59:59.999Z"
"2025-10-25T00:00:00.000Z";"2025-10-25T23:59:59.999Z";"2025-10-25T01:34:00.000Z";"2025-10-25T16:10:00.000Z";"2781";0.1976976913;0.1997181809;0.1962519049;0.1965909246;1136645097;29784030928.22;151503276383.71;"2025-10-25T23:59:59.999Z"
"2025-10-24T00:00:00.000Z";"2025-10-24T23:59:59.999Z";"2025-10-24T12:34:00.000Z";"2025-10-24T16:48:00.000Z";"2781";0.1948575291;0.199682903;0.194402277;0.1976984787;1546313969.51;29949143465.63;151489596383.71;"2025-10-24T23:59:59.999Z"
"2025-10-23T00:00:00.000Z";"2025-10-23T23:59:59.999Z";"2025-10-23T17:52:00.000Z";"2025-10-23T00:03:00.000Z";"2781";0.1900020307;0.1972164614;0.1898321735;0.1948439422;1769172844.59;29516100028.51;151475286383.71;"2025-10-23T23:59:59.999Z"
"2025-10-22T00:00:00.000Z";"2025-10-22T23:59:59.999Z";"2025-10-22T00:16:00.000Z";"2025-10-22T21:13:00.000Z";"2781";0.1943862299;0.1953144072;0.1865014808;0.1900020307;2573427089.23;28778067890.79;151461896383.71;"2025-10-22T23:59:59.999Z"
"2025-10-21T00:00:00.000Z";"2025-10-21T23:59:59.999Z";"2025-10-21T15:25:00.000Z";"2025-10-21T08:46:00.000Z";"2781";0.2001555102;0.2054354299;0.1923315222;0.1943893053;2783675972.6;29439504181.52;151448506383.71;"2025-10-21T23:59:59.999Z"
"2025-10-20T00:00:00.000Z";"2025-10-20T23:59:59.999Z";"2025-10-20T06:58:00.000Z";"2025-10-20T00:34:00.000Z";"2781";0.195323579;0.2024474002;0.1919411451;0.2001135332;2148033212.91;30304164165.17;151434856383.71;"2025-10-20T23:59:59.999Z"
"2025-10-19T00:00:00.000Z";"2025-10-19T23:59:59.999Z";"2025-10-19T17:13:00.000Z";"2025-10-19T09:31:00.000Z";"2781";0.1895988467;0.1985350335;0.1862948039;0.1953232392;1982258702.18;29576143681.92;151421266383.71;"2025-10-19T23:59:59.999Z"
"2025-10-18T00:00:00.000Z";"2025-10-18T23:59:59.999Z";"2025-10-18T18:04:00.000Z";"2025-10-18T00:15:00.000Z";"2781";0.1848503622;0.1902226595;0.1845315518;0.1895988467;1238849110.78;28706705654.93;151407596383.71;"2025-10-18T23:59:59.999Z"
"2025-10-17T00:00:00.000Z";"2025-10-17T23:59:59.999Z";"2025-10-17T01:32:00.000Z";"2025-10-17T10:25:00.000Z";"2781";0.1883663885;0.1907971337;0.1762109793;0.1848422584;3317944601.4;27985166666.94;151393626383.71;"2025-10-17T23:59:59.999Z"
"2025-10-16T00:00:00.000Z";"2025-10-16T23:59:59.999Z";"2025-10-16T12:06:00.000Z";"2025-10-16T20:58:00.000Z";"2781";0.1963275863;0.2012353984;0.1852085383;0.1883674018;3498982322.3;28514978558.17;151380396383.71;"2025-10-16T23:59:59.999Z"
"2025-10-15T00:00:00.000Z";"2025-10-15T23:59:59.999Z";"2025-10-15T08:34:00.000Z";"2025-10-15T21:59:00.000Z";"2781";0.2045315695;0.2079726427;0.1950978987;0.1963272833;2877365448.62;29717454224.59;151366676383.71;"2025-10-15T23:59:59.999Z"
"2025-10-14T00:00:00.000Z";"2025-10-14T23:59:59.999Z";"2025-10-14T00:35:00.000Z";"2025-10-14T10:34:00.000Z";"2781";0.2139908895;0.2155444043;0.1951043615;0.2045317599;4841725505.57;30956476119.44;151353046383.71;"2025-10-14T23:59:59.999Z"
"2025-10-13T00:00:00.000Z";"2025-10-13T23:59:59.999Z";"2025-10-13T21:22:00.000Z";"2025-10-13T11:31:00.000Z";"2781";0.2077954959;0.2182704224;0.20474587;0.2139910957;4745994514.09;32385211390.17;151339206383.71;"2025-10-13T23:59:59.999Z"
"2025-10-12T00:00:00.000Z";"2025-10-12T23:59:59.999Z";"2025-10-12T20:52:00.000Z";"2025-10-12T02:55:00.000Z";"2781";0.1854405586;0.214049281;0.1817557462;0.2077953729;5183180934.64;31444762800.18;151325526383.71;"2025-10-12T23:59:59.999Z"
"2025-10-11T00:00:00.000Z";"2025-10-11T23:59:59.999Z";"2025-10-11T02:46:00.000Z";"2025-10-11T21:13:00.000Z";"2781";0.1931548224;0.200234398;0.1790121928;0.1854428053;6948749971.97;28059357017.53;151311866383.71;"2025-10-11T23:59:59.999Z"
"2025-10-10T00:00:00.000Z";"2025-10-10T23:59:59.999Z";"2025-10-10T13:44:00.000Z";"2025-10-10T21:22:00.000Z";"2781";0.2485626348;0.2536236013;0.1147835391;0.1931546375;8989277920.13;29224005222.17;151298346383.71;"2025-10-10T23:59:59.999Z"
"2025-10-09T00:00:00.000Z";"2025-10-09T23:59:59.999Z";"2025-10-09T00:02:00.000Z";"2025-10-09T17:01:00.000Z";"2781";0.2555619914;0.2557088266;0.2419413171;0.2485632688;3221293488.88;37603722739.47;151284696383.71;"2025-10-09T23:59:59.999Z"
"2025-10-08T00:00:00.000Z";"2025-10-08T23:59:59.999Z";"2025-10-08T17:58:00.000Z";"2025-10-08T04:12:00.000Z";"2781";0.2473164323;0.2609310643;0.2441357587;0.2555631343;3136056856.52;38659147743.38;151271116383.71;"2025-10-08T23:59:59.999Z"
"2025-10-07T00:00:00.000Z";"2025-10-07T23:59:59.999Z";"2025-10-07T03:16:00.000Z";"2025-10-07T23:44:00.000Z";"2781";0.266312085;0.2678628764;0.2472570719;0.2473158498;4263519773.04;37408489093.77;151257596383.71;"2025-10-07T23:59:59.999Z"
"2025-10-06T00:00:00.000Z";"2025-10-06T23:59:59.999Z";"2025-10-06T18:49:00.000Z";"2025-10-06T01:04:00.000Z";"2781";0.2529543594;0.270047183;0.2513216435;0.26631296;3938750191.09;40278042765.47;151243766383.71;"2025-10-06T23:59:59.999Z"
"2025-10-05T00:00:00.000Z";"2025-10-05T23:59:59.999Z";"2025-10-05T09:25:00.000Z";"2025-10-05T01:01:00.000Z";"2781";0.2509147544;0.2646651178;0.249815327;0.2529541321;3422890843.39;38254393097.56;151230416383.71;"2025-10-05T23:59:59.999Z"
"2025-10-04T00:00:00.000Z";"2025-10-04T23:59:59.999Z";"2025-10-04T00:26:00.000Z";"2025-10-04T16:29:00.000Z";"2781";0.2586035518;0.259405079;0.2473365971;0.2509172371;2121406683.22;37942550424.61;151216896383.71;"2025-10-04T23:59:59.999Z"
"2025-10-03T00:00:00.000Z";"2025-10-03T23:59:59.999Z";"2025-10-03T16:46:00.000Z";"2025-10-03T14:22:00.000Z";"2781";0.2619395497;0.264968876;0.2535474695;0.258603178;3285893532.62;39101686217.47;151203206383.71;"2025-10-03T23:59:59.999Z"
"2025-10-02T00:00:00.000Z";"2025-10-02T23:59:59.999Z";"2025-10-02T21:59:00.000Z";"2025-10-02T01:04:00.000Z";"2781";0.2483717239;0.2634148618;0.2470545734;0.261936918;3466616006.77;39602521692.32;151189546383.71;"2025-10-02T23:59:59.999Z"
"2025-10-01T00:00:00.000Z";"2025-10-01T23:59:59.999Z";"2025-10-01T23:59:00.000Z";"2025-10-01T04:01:00.000Z";"2781";0.2329052225;0.2483651628;0.2308334952;0.2483651628;2935493861.36;37547803092.62;151175836383.71;"2025-10-01T23:59:59.999Z"
"2025-09-30T00:00:00.000Z";"2025-09-30T23:59:59.999Z";"2025-09-30T00:14:00.000Z";"2025-09-30T15:28:00.000Z";"2781";0.2350674953;0.2356505204;0.2267968866;0.2329053267;2112968133.28;35206464988.59;151162196383.71;"2025-09-30T23:59:59.999Z"
"2025-09-29T00:00:00.000Z";"2025-09-29T23:59:59.999Z";"2025-09-29T21:01:00.000Z";"2025-09-29T13:05:00.000Z";"2781";0.2373887237;0.2386846571;0.2291697843;0.235056581;2451434578.43;35530119622.97;151148586383.71;"2025-09-29T23:59:59.999Z"
"2025-09-28T00:00:00.000Z";"2025-09-28T23:59:59.999Z";"2025-09-28T23:50:00.000Z";"2025-09-28T12:47:00.000Z";"2781";0.2308382156;0.2374718894;0.2254170273;0.2373875779;1629383714.18;35877732032.67;151134946383.71;"2025-09-28T23:59:59.999Z"
"2025-09-27T00:00:00.000Z";"2025-09-27T23:59:59.999Z";"2025-09-27T03:34:00.000Z";"2025-09-27T15:10:00.000Z";"2781";0.2326290916;0.2342149962;0.2282470875;0.2308362757;1404236028.94;34884545003.66;151121186383.71;"2025-09-27T23:59:59.999Z"
"2025-09-26T00:00:00.000Z";"2025-09-26T23:59:59.999Z";"2025-09-26T18:28:00.000Z";"2025-09-26T11:16:00.000Z";"2781";0.2227139292;0.2332884115;0.2220359996;0.2326290916;3136341382.54;35152029855.54;151107626383.71;"2025-09-26T23:59:59.999Z"
"2025-09-25T00:00:00.000Z";"2025-09-25T23:59:59.999Z";"2025-09-25T00:13:00.000Z";"2025-09-25T18:06:00.000Z";"2781";0.2412445092;0.241934244;0.2215702474;0.2227062077;4513449818.27;33650744298.41;151094026383.71;"2025-09-25T23:59:59.999Z"
"2025-09-24T00:00:00.000Z";"2025-09-24T23:59:59.999Z";"2025-09-24T14:55:00.000Z";"2025-09-24T04:26:00.000Z";"2781";0.2373863823;0.2501554861;0.2320864014;0.2412435202;3426936080.62;36447304020.49;151080346383.71;"2025-09-24T23:59:59.999Z"
"2025-09-23T00:00:00.000Z";"2025-09-23T23:59:59.999Z";"2025-09-23T06:37:00.000Z";"2025-09-23T03:13:00.000Z";"2781";0.2413153852;0.2434012594;0.2347020606;0.2373877707;2979805691.98;35861145686.35;151066566383.71;"2025-09-23T23:59:59.999Z"
"2025-09-22T00:00:00.000Z";"2025-09-22T23:59:59.999Z";"2025-09-22T00:08:00.000Z";"2025-09-22T06:10:00.000Z";"2781";0.2611601266;0.2620410228;0.235858459;0.2413164029;5600811076.2;36451404761.41;151052966383.71;"2025-09-22T23:59:59.999Z"
"2025-09-21T00:00:00.000Z";"2025-09-21T23:59:59.999Z";"2025-09-21T04:02:00.000Z";"2025-09-21T23:22:00.000Z";"2781";0.2677488886;0.2696842002;0.2608303733;0.2611586073;1759685373.42;39445227608.52;151038476383.71;"2025-09-21T23:59:59.999Z"
"2025-09-20T00:00:00.000Z";"2025-09-20T23:59:59.999Z";"2025-09-20T16:04:00.000Z";"2025-09-20T02:38:00.000Z";"2781";0.2653877884;0.269145377;0.2635661219;0.2677486802;1791655631.55;40436882028.72;151025396383.71;"2025-09-20T23:59:59.999Z"
"2025-09-19T00:00:00.000Z";"2025-09-19T23:59:59.999Z";"2025-09-19T01:08:00.000Z";"2025-09-19T23:31:00.000Z";"2781";0.2787803127;0.2840215447;0.2637110409;0.2653868246;3402582767.43;40076758323.68;151012066383.71;"2025-09-19T23:59:59.999Z"
"2025-09-18T00:00:00.000Z";"2025-09-18T23:59:59.999Z";"2025-09-18T16:08:00.000Z";"2025-09-18T23:10:00.000Z";"2781";0.2824486642;0.287902043;0.2764614028;0.2787785303;4420244724.2;42095410821.47;150998506383.71;"2025-09-18T23:59:59.999Z"
"2025-09-17T00:00:00.000Z";"2025-09-17T23:59:59.999Z";"2025-09-17T23:07:00.000Z";"2025-09-17T18:56:00.000Z";"2781";0.2697708518;0.2835659236;0.2622455083;0.2824639938;4837069879.09;42645456884.78;150984806383.71;"2025-09-17T23:59:59.999Z"
"2025-09-16T00:00:00.000Z";"2025-09-16T23:59:59.999Z";"2025-09-16T22:19:00.000Z";"2025-09-16T14:16:00.000Z";"2781";0.2686293341;0.2715616353;0.2589693309;0.2697714148;4384096062.91;40727579680.32;150971016383.71;"2025-09-16T23:59:59.999Z"
"2025-09-15T00:00:00.000Z";"2025-09-15T23:59:59.999Z";"2025-09-15T06:01:00.000Z";"2025-09-15T09:01:00.000Z";"2781";0.2785871137;0.2816810888;0.2598292404;0.2686295722;5721394577.06;40551536516.59;150957216383.71;"2025-09-15T23:59:59.999Z"
"2025-09-14T00:00:00.000Z";"2025-09-14T23:59:59.999Z";"2025-09-14T02:16:00.000Z";"2025-09-14T15:59:00.000Z";"2781";0.2894626248;0.2942123095;0.2731880967;0.2785903966;5708225876.87;42050974272.81;150943716383.71;"2025-09-14T23:59:59.999Z"
"2025-09-13T00:00:00.000Z";"2025-09-13T23:59:59.999Z";"2025-09-13T13:28:00.000Z";"2025-09-13T00:31:00.000Z";"2781";0.2754199885;0.3056421545;0.2731467354;0.2894643531;9024886351.98;43688621854.77;150930096383.71;"2025-09-13T23:59:59.999Z"
"2025-09-12T00:00:00.000Z";"2025-09-12T23:59:59.999Z";"2025-09-12T22:58:00.000Z";"2025-09-12T00:17:00.000Z";"2781";0.2556523155;0.2783872285;0.2551648389;0.2754281056;4643519793.73;41565386648.18;150916376383.71;"2025-09-12T23:59:59.999Z"
"2025-09-11T00:00:00.000Z";"2025-09-11T23:59:59.999Z";"2025-09-11T23:13:00.000Z";"2025-09-11T00:43:00.000Z";"2781";0.2453917934;0.2568563907;0.2443016124;0.255658475;3760658714.99;38578685099.73;150902936383.71;"2025-09-11T23:59:59.999Z"
"2025-09-10T00:00:00.000Z";"2025-09-10T23:59:59.999Z";"2025-09-10T17:13:00.000Z";"2025-09-10T01:05:00.000Z";"2781";0.2406909939;0.2480388791;0.2369695285;0.2453947103;2829953594.7;37027012219.84;150889366383.71;"2025-09-10T23:59:59.999Z"
"2025-09-09T00:00:00.000Z";"2025-09-09T23:59:59.999Z";"2025-09-09T12:26:00.000Z";"2025-09-09T02:55:00.000Z";"2781";0.2418813626;0.2485307;0.2340889469;0.2406899238;4216668250.64;36314426134.45;150875716383.71;"2025-09-09T23:59:59.999Z"
"2025-09-08T00:00:00.000Z";"2025-09-08T23:59:59.999Z";"2025-09-08T22:37:00.000Z";"2025-09-08T00:56:00.000Z";"2781";0.2284427201;0.2436398819;0.2269504317;0.2418813626;3729000009.56;36490736687.24;150862126383.71;"2025-09-08T23:59:59.999Z"
"2025-09-07T00:00:00.000Z";"2025-09-07T23:59:59.999Z";"2025-09-07T23:37:00.000Z";"2025-09-07T00:01:00.000Z";"2781";0.2158858322;0.2290523794;0.2158670971;0.2284433083;1913782985.3;34460220274.83;150848406383.71;"2025-09-07T23:59:59.999Z"
"2025-09-06T00:00:00.000Z";"2025-09-06T23:59:59.999Z";"2025-09-06T00:43:00.000Z";"2025-09-06T19:56:00.000Z";"2781";0.2179044661;0.2187257546;0.2125520007;0.2158860384;1195532222.26;32563091229.83;150834776383.71;"2025-09-06T23:59:59.999Z"
"2025-09-05T00:00:00.000Z";"2025-09-05T23:59:59.999Z";"2025-09-05T13:53:00.000Z";"2025-09-05T01:04:00.000Z";"2781";0.2124687324;0.2206511105;0.2121049538;0.2179044661;2429307965.4;32864590480.46;150821096383.71;"2025-09-05T23:59:59.999Z"
"2025-09-04T00:00:00.000Z";"2025-09-04T23:59:59.999Z";"2025-09-04T00:25:00.000Z";"2025-09-04T20:01:00.000Z";"2781";0.2205602151;0.2208922139;0.2107886464;0.2124767986;1600512716.79;32041890335.57;150807556383.71;"2025-09-04T23:59:59.999Z"
"2025-09-03T00:00:00.000Z";"2025-09-03T23:59:59.999Z";"2025-09-03T20:18:00.000Z";"2025-09-03T01:41:00.000Z";"2781";0.2148177015;0.2232401368;0.2126589644;0.2205602151;1806352077.27;33259098931.05;150793736383.71;"2025-09-03T23:59:59.999Z"
"2025-09-02T00:00:00.000Z";"2025-09-02T23:59:59.999Z";"2025-09-02T21:41:00.000Z";"2025-09-02T13:01:00.000Z";"2781";0.210251826;0.2152630296;0.2069985856;0.214817822;2083072410.99;32390203667.26;150779956383.71;"2025-09-02T23:59:59.999Z"
"2025-09-01T00:00:00.000Z";"2025-09-01T23:59:59.999Z";"2025-09-01T09:07:00.000Z";"2025-09-01T21:47:00.000Z";"2781";0.2138115941;0.2196262179;0.2054530456;0.2102538522;2726790335.44;31698811317.06;150765926383.71;"2025-09-01T23:59:59.999Z"
"2025-08-31T00:00:00.000Z";"2025-08-31T23:59:59.999Z";"2025-08-31T03:47:00.000Z";"2025-08-31T23:46:00.000Z";"2781";0.2159808366;0.2209458738;0.2135629249;0.2138152822;1044727824.4;32232650803.98;150752586383.71;"2025-08-31T23:59:59.999Z"
"2025-08-30T00:00:00.000Z";"2025-08-30T23:59:59.999Z";"2025-08-30T03:26:00.000Z";"2025-08-30T02:01:00.000Z";"2781";0.2140335372;0.2184198182;0.2120019986;0.2159803715;1092661802.62;32556712951.13;150738896383.71;"2025-08-30T23:59:59.999Z"
"2025-08-29T00:00:00.000Z";"2025-08-29T23:59:59.999Z";"2025-08-29T00:31:00.000Z";"2025-08-29T18:58:00.000Z";"2781";0.2243382701;0.2246278667;0.2100377458;0.2140350078;2575985417.85;32260285456.81;150725376383.71;"2025-08-29T23:59:59.999Z"
"2025-08-28T00:00:00.000Z";"2025-08-28T23:59:59.999Z";"2025-08-28T08:20:00.000Z";"2025-08-28T00:38:00.000Z";"2781";0.2189261941;0.2258783657;0.2172373748;0.2243400232;1900714655.92;33810430419.57;150711826383.71;"2025-08-28T23:59:59.999Z"
"2025-08-27T00:00:00.000Z";"2025-08-27T23:59:59.999Z";"2025-08-27T21:10:00.000Z";"2025-08-27T01:10:00.000Z";"2781";0.2184621146;0.2232647431;0.2163156564;0.2189191332;2291320645.78;32991795728.41;150698256383.71;"2025-08-27T23:59:59.999Z"
"2025-08-26T00:00:00.000Z";"2025-08-26T23:59:59.999Z";"2025-08-26T23:16:00.000Z";"2025-08-26T00:55:00.000Z";"2781";0.2098237893;0.2198240047;0.2082460089;0.2184645651;2273426711.75;32918840602.57;150684436383.71;"2025-08-26T23:59:59.999Z"
"2025-08-25T00:00:00.000Z";"2025-08-25T23:59:59.999Z";"2025-08-25T03:13:00.000Z";"2025-08-25T21:34:00.000Z";"2781";0.231804051;0.2341104573;0.2072008363;0.2098237893;3601938682.58;31614332122.92;150670866383.71;"2025-08-25T23:59:59.999Z"
"2025-08-24T00:00:00.000Z";"2025-08-24T23:59:59.999Z";"2025-08-24T19:25:00.000Z";"2025-08-24T11:22:00.000Z";"2781";0.2360208658;0.2445016716;0.2283735703;0.2317980578;3243609547.73;34922895125.41;150656966383.71;"2025-08-24T23:59:59.999Z"
"2025-08-23T00:00:00.000Z";"2025-08-23T23:59:59.999Z";"2025-08-23T00:00:00.000Z";"2025-08-23T02:40:00.000Z";"2781";0.2405879972;0.2405932605;0.2292705882;0.2360094094;2633509849.91;35554987201.27;150643406383.71;"2025-08-23T23:59:59.999Z"
"2025-08-22T00:00:00.000Z";"2025-08-22T23:59:59.999Z";"2025-08-22T21:50:00.000Z";"2025-08-22T12:40:00.000Z";"2781";0.2147473849;0.2417254706;0.2087508944;0.2405896937;4553800466.24;36239701776.13;150629716383.71;"2025-08-22T23:59:59.999Z"
"2025-08-21T00:00:00.000Z";"2025-08-21T23:59:59.999Z";"2025-08-21T06:01:00.000Z";"2025-08-21T23:47:00.000Z";"2781";0.2214498188;0.2240300928;0.2140987776;0.2147487328;2146370686.52;32344399938.9;150616036383.71;"2025-08-21T23:59:59.999Z"
"2025-08-20T00:00:00.000Z";"2025-08-20T23:59:59.999Z";"2025-08-20T23:00:00.000Z";"2025-08-20T01:43:00.000Z";"2781";0.2090499975;0.2227218767;0.2085302809;0.2214498188;3332092603.62;33350882249.35;150602436383.71;"2025-08-20T23:59:59.999Z"
"2025-08-19T00:00:00.000Z";"2025-08-19T23:59:59.999Z";"2025-08-19T01:07:00.000Z";"2025-08-19T23:58:00.000Z";"2781";0.2224241465;0.225561649;0.2089664555;0.2090479925;2965240261.57;31480547781.64;150588606383.71;"2025-08-19T23:59:59.999Z"
"2025-08-18T00:00:00.000Z";"2025-08-18T23:59:59.999Z";"2025-08-18T00:13:00.000Z";"2025-08-18T09:30:00.000Z";"2781";0.2345645507;0.2355319373;0.220458975;0.2224247676;3221260022.96;33491539514.77;150575106383.71;"2025-08-18T23:59:59.999Z"
"2025-08-17T00:00:00.000Z";"2025-08-17T23:59:59.999Z";"2025-08-17T16:11:00.000Z";"2025-08-17T01:22:00.000Z";"2781";0.2312447942;0.242347799;0.2287256761;0.2345647836;2308822295.66;35316387400.66;150561486383.71;"2025-08-17T23:59:59.999Z"
"2025-08-16T00:00:00.000Z";"2025-08-16T23:59:59.999Z";"2025-08-16T01:01:00.000Z";"2025-08-16T12:18:00.000Z";"2781";0.2286126226;0.2354110493;0.2263973499;0.2312455514;2012788849.41;34813378007.04;150547726383.71;"2025-08-16T23:59:59.999Z"
"2025-08-15T00:00:00.000Z";"2025-08-15T23:59:59.999Z";"2025-08-15T06:04:00.000Z";"2025-08-15T16:10:00.000Z";"2781";0.2238938124;0.2328492373;0.2206708748;0.228613053;3284438866.46;34413989992.6;150534076383.71;"2025-08-15T23:59:59.999Z"
"2025-08-14T00:00:00.000Z";"2025-08-14T23:59:59.999Z";"2025-08-14T03:22:00.000Z";"2025-08-14T21:37:00.000Z";"2781";0.2452023435;0.2547793121;0.2181332701;0.223892586;5430971906.34;33700603308.47;150520476383.71;"2025-08-14T23:59:59.999Z"
"2025-08-13T00:00:00.000Z";"2025-08-13T23:59:59.999Z";"2025-08-13T08:35:00.000Z";"2025-08-13T02:12:00.000Z";"2781";0.2356662792;0.2496567848;0.231602498;0.2452024324;4066944825.75;36904655959.63;150506946383.71;"2025-08-13T23:59:59.999Z"
"2025-08-12T00:00:00.000Z";"2025-08-12T23:59:59.999Z";"2025-08-12T20:22:00.000Z";"2025-08-12T11:16:00.000Z";"2781";0.2225506645;0.2377999887;0.2191970017;0.2356662792;2721898585.83;35466202267.3;150493326383.71;"2025-08-12T23:59:59.999Z"
"2025-08-11T00:00:00.000Z";"2025-08-11T23:59:59.999Z";"2025-08-11T02:55:00.000Z";"2025-08-11T22:28:00.000Z";"2781";0.2341028147;0.241408189;0.2215616502;0.2225504915;2818659723.23;33489351969.11;150479676383.71;"2025-08-11T23:59:59.999Z"
"2025-08-10T00:00:00.000Z";"2025-08-10T23:59:59.999Z";"2025-08-10T04:25:00.000Z";"2025-08-10T14:04:00.000Z";"2781";0.2403249285;0.2431299026;0.2299778053;0.2340994532;2275130913.52;35224522635.77;150466036383.71;"2025-08-10T23:59:59.999Z"
"2025-08-09T00:00:00.000Z";"2025-08-09T23:59:59.999Z";"2025-08-09T18:28:00.000Z";"2025-08-09T03:49:00.000Z";"2781";0.2302187546;0.2460976101;0.2299575165;0.2403250052;3167912054.52;36157471019.04;150452436383.71;"2025-08-09T23:59:59.999Z"
"2025-08-08T00:00:00.000Z";"2025-08-08T23:59:59.999Z";"2025-08-08T22:31:00.000Z";"2025-08-08T15:46:00.000Z";"2781";0.2223906032;0.2322360651;0.2200145533;0.2302137698;2813209060.9;34633843859.98;150438846383.71;"2025-08-08T23:59:59.999Z"
"2025-08-07T00:00:00.000Z";"2025-08-07T23:59:59.999Z";"2025-08-07T23:01:00.000Z";"2025-08-07T03:25:00.000Z";"2781";0.2052554459;0.2228733681;0.2035425954;0.2223898765;2060907648.43;33453159061.53;150425236383.71;"2025-08-07T23:59:59.999Z"
"2025-08-06T00:00:00.000Z";"2025-08-06T23:59:59.999Z";"2025-08-06T18:17:00.000Z";"2025-08-06T04:16:00.000Z";"2781";0.1997402114;0.2070178603;0.195740636;0.2052545244;1273212149.78;30872815702.98;150411676383.71;"2025-08-06T23:59:59.999Z"
"2025-08-05T00:00:00.000Z";"2025-08-05T23:59:59.999Z";"2025-08-05T00:37:00.000Z";"2025-08-05T22:08:00.000Z";"2781";0.2104132012;0.210877588;0.1964468189;0.1997394271;1606059547.3;30040549565.63;150398106383.71;"2025-08-05T23:59:59.999Z"
"2025-08-04T00:00:00.000Z";"2025-08-04T23:59:59.999Z";"2025-08-04T23:16:00.000Z";"2025-08-04T00:11:00.000Z";"2781";0.1988634343;0.2111877297;0.1986525733;0.2104134905;1808700823.6;31642910644.93;150384626383.71;"2025-08-04T23:59:59.999Z"
"2025-08-03T00:00:00.000Z";"2025-08-03T23:59:59.999Z";"2025-08-03T19:33:00.000Z";"2025-08-03T00:39:00.000Z";"2781";0.1912141455;0.1999279847;0.1895417759;0.1988635458;1383820507.47;29903264924.72;150370856383.71;"2025-08-03T23:59:59.999Z"
"2025-08-02T00:00:00.000Z";"2025-08-02T23:59:59.999Z";"2025-08-02T04:47:00.000Z";"2025-08-02T23:31:00.000Z";"2781";0.2012155414;0.2032185984;0.1896274548;0.1912141455;2202580407.96;28750430472.33;150357236383.71;"2025-08-02T23:59:59.999Z"
"2025-08-01T00:00:00.000Z";"2025-08-01T23:59:59.999Z";"2025-08-01T16:28:00.000Z";"2025-08-01T22:44:00.000Z";"2781";0.2098544312;0.212034974;0.1967769382;0.2012155414;3400021924.56;30251464124.5;150343576383.71;"2025-08-01T23:59:59.999Z"
"2025-07-31T00:00:00.000Z";"2025-07-31T23:59:59.999Z";"2025-07-31T09:58:00.000Z";"2025-07-31T23:44:00.000Z";"2781";0.219900363;0.2255130089;0.2092183958;0.2098729576;1775122878.47;31547388607.54;150329866383.71;"2025-07-31T23:59:59.999Z"
"2025-07-30T00:00:00.000Z";"2025-07-30T23:59:59.999Z";"2025-07-30T02:17:00.000Z";"2025-07-30T19:13:00.000Z";"2781";0.2237933239;0.2261437292;0.2110076788;0.219900204;2295849760.17;33054590544.17;150316216383.71;"2025-07-30T23:59:59.999Z"
"2025-07-29T00:00:00.000Z";"2025-07-29T23:59:59.999Z";"2025-07-29T07:52:00.000Z";"2025-07-29T16:41:00.000Z";"2781";0.2252315388;0.2324491336;0.2183134398;0.2237933239;2219777442.88;33636693011.23;150302486383.71;"2025-07-29T23:59:59.999Z"
"2025-07-28T00:00:00.000Z";"2025-07-28T23:59:59.999Z";"2025-07-28T05:58:00.000Z";"2025-07-28T23:55:00.000Z";"2781";0.2408028542;0.2482135326;0.2249318034;0.2252264734;2900653769.27;33849828677.74;150289026383.71;"2025-07-28T23:59:59.999Z"
"2025-07-27T00:00:00.000Z";"2025-07-27T23:59:59.999Z";"2025-07-27T22:16:00.000Z";"2025-07-27T09:49:00.000Z";"2781";0.2355127021;0.2435735215;0.2347392044;0.2408029641;1975404020.79;36186705832.12;150275236383.71;"2025-07-27T23:59:59.999Z"
"2025-07-26T00:00:00.000Z";"2025-07-26T23:59:59.999Z";"2025-07-26T10:46:00.000Z";"2025-07-26T02:01:00.000Z";"2781";0.2368078915;0.2398635791;0.2331848107;0.2355142516;1499470253.97;35388535778.42;150261686383.71;"2025-07-26T23:59:59.999Z"
"2025-07-25T00:00:00.000Z";"2025-07-25T23:59:59.999Z";"2025-07-25T23:59:00.000Z";"2025-07-25T15:44:00.000Z";"2781";0.2319742588;0.2368120018;0.2219815768;0.2368120018;3502127056.96;35579944385.36;150248136383.71;"2025-07-25T23:59:59.999Z"
"2025-07-24T00:00:00.000Z";"2025-07-24T23:59:59.999Z";"2025-07-24T03:28:00.000Z";"2025-07-24T06:55:00.000Z";"2781";0.2406629942;0.2464777902;0.2232788374;0.2319742588;4245820252.71;34850552183.98;150234566383.71;"2025-07-24T23:59:59.999Z"
"2025-07-23T00:00:00.000Z";"2025-07-23T23:59:59.999Z";"2025-07-23T00:01:00.000Z";"2025-07-23T21:28:00.000Z";"2781";0.2703784197;0.2708771149;0.2320872745;0.2406486534;4422461833.97;36152632368.59;150220986383.71;"2025-07-23T23:59:59.999Z"
"2025-07-22T00:00:00.000Z";"2025-07-22T23:59:59.999Z";"2025-07-22T00:33:00.000Z";"2025-07-22T05:01:00.000Z";"2781";0.2717192518;0.2744091585;0.258194877;0.2703788784;4399161114.08;40612803316.7;150207266383.71;"2025-07-22T23:59:59.999Z"
"2025-07-21T00:00:00.000Z";"2025-07-21T23:59:59.999Z";"2025-07-21T17:13:00.000Z";"2025-07-21T01:40:00.000Z";"2781";0.2729292951;0.2867557642;0.2649301525;0.2717185178;6129417333.74;40810461743.2;150193486383.71;"2025-07-21T23:59:59.999Z"
"2025-07-20T00:00:00.000Z";"2025-07-20T23:59:59.999Z";"2025-07-20T19:50:00.000Z";"2025-07-20T00:13:00.000Z";"2781";0.2414932663;0.2769657653;0.2402423308;0.2729292951;6077966743.07;40988476877.57;150179836383.71;"2025-07-20T23:59:59.999Z"
"2025-07-19T00:00:00.000Z";"2025-07-19T23:59:59.999Z";"2025-07-19T10:46:00.000Z";"2025-07-19T00:01:00.000Z";"2781";0.2361389737;0.2566328424;0.2360823419;0.2414928817;4276687151.28;36264139741.47;150166256383.71;"2025-07-19T23:59:59.999Z"
"2025-07-18T00:00:00.000Z";"2025-07-18T23:59:59.999Z";"2025-07-18T14:15:00.000Z";"2025-07-18T00:14:00.000Z";"2781";0.2180202027;0.2525373232;0.2167553147;0.2361294613;6909551812.28;35456924880.81;150152786383.71;"2025-07-18T23:59:59.999Z"
"2025-07-17T00:00:00.000Z";"2025-07-17T23:59:59.999Z";"2025-07-17T22:49:00.000Z";"2025-07-17T03:45:00.000Z";"2781";0.2127465354;0.2220548103;0.2073821002;0.2180283365;3524415111.38;32733371481.21;150139166383.71;"2025-07-17T23:59:59.999Z"
"2025-07-16T00:00:00.000Z";"2025-07-16T23:59:59.999Z";"2025-07-16T21:32:00.000Z";"2025-07-16T04:16:00.000Z";"2781";0.1991622474;0.2197322654;0.1957205132;0.2127465354;2865490731.61;31938726040.43;150125716383.71;"2025-07-16T23:59:59.999Z"
"2025-07-15T00:00:00.000Z";"2025-07-15T23:59:59.999Z";"2025-07-15T23:59:00.000Z";"2025-07-15T03:22:00.000Z";"2781";0.1974309887;0.1991793296;0.1887512736;0.1991622474;2108544270.97;29896630611.44;150111936383.71;"2025-07-15T23:59:59.999Z"
"2025-07-14T00:00:00.000Z";"2025-07-14T23:59:59.999Z";"2025-07-14T05:31:00.000Z";"2025-07-14T20:19:00.000Z";"2781";0.1985949029;0.210389266;0.1955298231;0.1974309887;2642688097.02;29634045183.11;150098246383.71;"2025-07-14T23:59:59.999Z"
"2025-07-13T00:00:00.000Z";"2025-07-13T23:59:59.999Z";"2025-07-13T14:31:00.000Z";"2025-07-13T22:31:00.000Z";"2781";0.197327989;0.203609334;0.1962616207;0.1985950128;1460860600.77;29806067617.44;150084756383.71;"2025-07-13T23:59:59.999Z"
"2025-07-12T00:00:00.000Z";"2025-07-12T23:59:59.999Z";"2025-07-12T02:43:00.000Z";"2025-07-12T15:46:00.000Z";"2781";0.2011884528;0.206106169;0.1922436822;0.197327989;1645230469.54;29613259232.79;150071256383.71;"2025-07-12T23:59:59.999Z"
"2025-07-11T00:00:00.000Z";"2025-07-11T23:59:59.999Z";"2025-07-11T18:19:00.000Z";"2025-07-11T00:29:00.000Z";"2781";0.1947871173;0.2129336667;0.1917764;0.2011884528;3859031769.5;30189873748.87;150057686383.71;"2025-07-11T23:59:59.999Z"
"2025-07-10T00:00:00.000Z";"2025-07-10T23:59:59.999Z";"2025-07-10T23:11:00.000Z";"2025-07-10T01:02:00.000Z";"2781";0.180754817;0.1957422243;0.1789212358;0.1947925674;1741316233.24;29226645313.05;150044036383.71;"2025-07-10T23:59:59.999Z"
"2025-07-09T00:00:00.000Z";"2025-07-09T23:59:59.999Z";"2025-07-09T20:40:00.000Z";"2025-07-09T00:37:00.000Z";"2781";0.1709890478;0.184786215;0.1701026663;0.180754817;1657071962.03;27118702386.95;150030316383.71;"2025-07-09T23:59:59.999Z"
"2025-07-08T00:00:00.000Z";"2025-07-08T23:59:59.999Z";"2025-07-08T11:31:00.000Z";"2025-07-08T02:50:00.000Z";"2781";0.1679665596;0.1717772989;0.1661312089;0.1709890478;852173993.1;25651230878.68;150016806383.71;"2025-07-08T23:59:59.999Z"
"2025-07-07T00:00:00.000Z";"2025-07-07T23:59:59.999Z";"2025-07-07T03:28:00.000Z";"2025-07-07T21:31:00.000Z";"2781";0.1719859951;0.1767293892;0.1659041311;0.1679664406;1238654782.12;25195527551.6;150003236383.71;"2025-07-07T23:59:59.999Z"
"2025-07-06T00:00:00.000Z";"2025-07-06T23:59:59.999Z";"2025-07-06T13:56:00.000Z";"2025-07-06T08:31:00.000Z";"2781";0.1642723789;0.1747111192;0.1632708037;0.1719859951;1092475819.19;25796139225.05;149989766383.71;"2025-07-06T23:59:59.999Z"
"2025-07-05T00:00:00.000Z";"2025-07-05T23:59:59.999Z";"2025-07-05T07:10:00.000Z";"2025-07-05T02:35:00.000Z";"2781";0.1628715233;0.1649550234;0.1623847823;0.1642724734;444944069.76;24636932801.56;149976026383.71;"2025-07-05T23:59:59.999Z"
"2025-07-04T00:00:00.000Z";"2025-07-04T23:59:59.999Z";"2025-07-04T01:36:00.000Z";"2025-07-04T19:31:00.000Z";"2781";0.1720334744;0.1726612976;0.1615823368;0.1628712602;1005469062.23;24424579508.37;149962246383.71;"2025-07-04T23:59:59.999Z"
"2025-07-03T00:00:00.000Z";"2025-07-03T23:59:59.999Z";"2025-07-03T09:49:00.000Z";"2025-07-03T00:28:00.000Z";"2781";0.1687172811;0.1751912533;0.1677582871;0.1720336967;1280276704.72;25796167701.96;149948536383.71;"2025-07-03T23:59:59.999Z"
"2025-07-02T00:00:00.000Z";"2025-07-02T23:59:59.999Z";"2025-07-02T17:25:00.000Z";"2025-07-02T01:19:00.000Z";"2781";0.1577512635;0.1724385758;0.1570359083;0.1687197445;1151068315.6;25296594569.37;149934816383.71;"2025-07-02T23:59:59.999Z"
"2025-07-01T00:00:00.000Z";"2025-07-01T23:59:59.999Z";"2025-07-01T01:38:00.000Z";"2025-07-01T23:14:00.000Z";"2781";0.1651361019;0.1661516269;0.157063394;0.1577512635;687516950.03;23650264471.66;149921236383.71;"2025-07-01T23:59:59.999Z"
"2025-06-30T00:00:00.000Z";"2025-06-30T23:59:59.999Z";"2025-06-30T01:01:00.000Z";"2025-06-30T15:22:00.000Z";"2781";0.1696018654;0.1697937578;0.1626273778;0.1651358693;838074433.6;24755131335.9;149907446383.71;"2025-06-30T23:59:59.999Z"
"2025-06-29T00:00:00.000Z";"2025-06-29T23:59:59.999Z";"2025-06-29T23:06:00.000Z";"2025-06-29T04:05:00.000Z";"2781";0.163692184;0.1697757421;0.1627118304;0.1696018654;543918305.98;25422274260.18;149893836383.71;"2025-06-29T23:59:59.999Z"
"2025-06-28T00:00:00.000Z";"2025-06-28T23:59:59.999Z";"2025-06-28T17:55:00.000Z";"2025-06-28T01:40:00.000Z";"2781";0.1610693673;0.1648980414;0.1606311202;0.1636920649;400589441.55;24534210130.14;149880156383.71;"2025-06-28T23:59:59.999Z"
"2025-06-27T00:00:00.000Z";"2025-06-27T23:59:59.999Z";"2025-06-27T16:37:00.000Z";"2025-06-27T19:01:00.000Z";"2781";0.1599859722;0.1625968202;0.1574649594;0.1610679878;638328531.17;24138893693.21;149866446383.71;"2025-06-27T23:59:59.999Z"
"2025-06-26T00:00:00.000Z";"2025-06-26T23:59:59.999Z";"2025-06-26T03:07:00.000Z";"2025-06-26T14:14:00.000Z";"2781";0.1645781921;0.1679039054;0.1583696772;0.15998608;916611998.55;23974337319.85;149852746383.71;"2025-06-26T23:59:59.999Z"
"2025-06-25T00:00:00.000Z";"2025-06-25T23:59:59.999Z";"2025-06-25T07:31:00.000Z";"2025-06-25T15:37:00.000Z";"2781";0.1657341791;0.1673648296;0.1629920736;0.1645781921;839304494.76;24660244298;149839076383.71;"2025-06-25T23:59:59.999Z"
"2025-06-24T00:00:00.000Z";"2025-06-24T23:59:59.999Z";"2025-06-24T06:50:00.000Z";"2025-06-24T13:36:00.000Z";"2781";0.1643634138;0.1674270375;0.1620269684;0.1657308243;1072291443.9;24831127762.1;149825026383.71;"2025-06-24T23:59:59.999Z"
"2025-06-23T00:00:00.000Z";"2025-06-23T23:59:59.999Z";"2025-06-23T23:20:00.000Z";"2025-06-23T16:38:00.000Z";"2781";0.1513211566;0.1649909495;0.1491577346;0.1643634138;1346692449.85;24623540478.23;149811566383.71;"2025-06-23T23:59:59.999Z"
"2025-06-22T00:00:00.000Z";"2025-06-22T23:59:59.999Z";"2025-06-22T00:49:00.000Z";"2025-06-22T20:17:00.000Z";"2781";0.1541967445;0.1572490923;0.1437735733;0.1513215147;1841758168.85;22667581861.74;149797836383.71;"2025-06-22T23:59:59.999Z"
"2025-06-21T00:00:00.000Z";"2025-06-21T23:59:59.999Z";"2025-06-21T10:14:00.000Z";"2025-06-21T23:49:00.000Z";"2781";0.1624749039;0.1642330252;0.1517800787;0.1541686431;813191920.28;23096243163.57;149784246383.71;"2025-06-21T23:59:59.999Z"
"2025-06-20T00:00:00.000Z";"2025-06-20T23:59:59.999Z";"2025-06-20T13:07:00.000Z";"2025-06-20T17:28:00.000Z";"2781";0.1709613722;0.1718810509;0.1588665776;0.1624749039;1099193747.03;24333951881.42;149770526383.71;"2025-06-20T23:59:59.999Z"
"2025-06-19T00:00:00.000Z";"2025-06-19T23:59:59.999Z";"2025-06-19T00:36:00.000Z";"2025-06-19T14:53:00.000Z";"2781";0.1706331878;0.1718471523;0.1679363863;0.1709626763;542107458.95;25602641085.18;149756876383.71;"2025-06-19T23:59:59.999Z"
"2025-06-18T00:00:00.000Z";"2025-06-18T23:59:59.999Z";"2025-06-18T04:49:00.000Z";"2025-06-18T13:31:00.000Z";"2781";0.1696678416;0.1720605929;0.1643789088;0.1706322466;970407001.59;25551169186.35;149743256383.71;"2025-06-18T23:59:59.999Z"
"2025-06-17T00:00:00.000Z";"2025-06-17T23:59:59.999Z";"2025-06-17T03:13:00.000Z";"2025-06-17T17:01:00.000Z";"2781";0.1726968228;0.1758945646;0.1643028163;0.1696678416;1273076741.61;25404270298.45;149729436383.71;"2025-06-17T23:59:59.999Z"
"2025-06-16T00:00:00.000Z";"2025-06-16T23:59:59.999Z";"2025-06-16T19:11:00.000Z";"2025-06-16T23:59:00.000Z";"2781";0.1756693496;0.1810145829;0.1726977319;0.1726977319;1204577499.78;25855461351.64;149715906383.71;"2025-06-16T23:59:59.999Z"
"2025-06-15T00:00:00.000Z";"2025-06-15T23:59:59.999Z";"2025-06-15T01:03:00.000Z";"2025-06-15T20:46:00.000Z";"2781";0.1784670708;0.1785757567;0.1717579672;0.1756693496;760010232.68;26298089230.61;149702206383.71;"2025-06-15T23:59:59.999Z"
"2025-06-14T00:00:00.000Z";"2025-06-14T23:59:59.999Z";"2025-06-14T00:01:00.000Z";"2025-06-14T16:55:00.000Z";"2781";0.1803816235;0.1804420279;0.1749783285;0.178467187;777784368.45;26714487118.54;149688606383.71;"2025-06-14T23:59:59.999Z"
"2025-06-13T00:00:00.000Z";"2025-06-13T23:59:59.999Z";"2025-06-13T00:00:00.000Z";"2025-06-13T02:46:00.000Z";"2781";0.1815477314;0.1815477314;0.1707923402;0.1803802655;1883491190.56;26998602617.15;149674906383.71;"2025-06-13T23:59:59.999Z"
"2025-06-12T00:00:00.000Z";"2025-06-12T23:59:59.999Z";"2025-06-12T00:25:00.000Z";"2025-06-12T20:58:00.000Z";"2781";0.1930110492;0.1936189208;0.1805319516;0.1815478854;1254786512.95;27170643416.81;149661156383.71;"2025-06-12T23:59:59.999Z"
"2025-06-11T00:00:00.000Z";"2025-06-11T23:59:59.999Z";"2025-06-11T07:19:00.000Z";"2025-06-11T22:41:00.000Z";"2781";0.1982819266;0.2043324809;0.1915941659;0.1930110492;1630500549.52;28883616422.77;149647476383.71;"2025-06-11T23:59:59.999Z"
"2025-06-10T00:00:00.000Z";"2025-06-10T23:59:59.999Z";"2025-06-10T23:59:00.000Z";"2025-06-10T15:38:00.000Z";"2781";0.1949334914;0.1982996483;0.1898869068;0.1982819266;1400212022.34;29669691317.15;149633866383.71;"2025-06-10T23:59:59.999Z"
"2025-06-09T00:00:00.000Z";"2025-06-09T23:59:59.999Z";"2025-06-09T22:34:00.000Z";"2025-06-09T06:13:00.000Z";"2781";0.1841732076;0.1954253239;0.1804536892;0.1949334914;1177667689.09;29165991166.69;149620216383.71;"2025-06-09T23:59:59.999Z"
"2025-06-08T00:00:00.000Z";"2025-06-08T23:59:59.999Z";"2025-06-08T21:58:00.000Z";"2025-06-08T09:34:00.000Z";"2781";0.1851675453;0.1867505598;0.1812226986;0.1841732076;689923175.81;27553499107;149606446383.71;"2025-06-08T23:59:59.999Z"
"2025-06-07T00:00:00.000Z";"2025-06-07T23:59:59.999Z";"2025-06-07T13:48:00.000Z";"2025-06-07T00:19:00.000Z";"2781";0.1789697177;0.1885734376;0.1780342338;0.1851681313;836264651.28;27699749421.45;149592896383.71;"2025-06-07T23:59:59.999Z"
"2025-06-06T00:00:00.000Z";"2025-06-06T23:59:59.999Z";"2025-06-06T15:16:00.000Z";"2025-06-06T00:24:00.000Z";"2781";0.1716266897;0.1842531322;0.1701836853;0.178972969;1247591142.84;26770634659.71;149579206383.71;"2025-06-06T23:59:59.999Z"
"2025-06-05T00:00:00.000Z";"2025-06-05T23:59:59.999Z";"2025-06-05T13:11:00.000Z";"2025-06-05T21:16:00.000Z";"2781";0.1882368329;0.192375995;0.1692334384;0.1716275365;1718819551.24;25669566269.08;149565546383.71;"2025-06-05T23:59:59.999Z"
"2025-06-04T00:00:00.000Z";"2025-06-04T23:59:59.999Z";"2025-06-04T03:22:00.000Z";"2025-06-04T20:25:00.000Z";"2781";0.193138811;0.1969099675;0.1874273914;0.1882355614;779255974.51;28151171558.9;149551876383.71;"2025-06-04T23:59:59.999Z"
"2025-06-03T00:00:00.000Z";"2025-06-03T23:59:59.999Z";"2025-06-03T02:05:00.000Z";"2025-06-03T21:58:00.000Z";"2781";0.1953957916;0.2002505196;0.1921899991;0.1931376051;1062603804.96;28881652628.34;149538316383.71;"2025-06-03T23:59:59.999Z"
"2025-06-02T00:00:00.000Z";"2025-06-02T23:59:59.999Z";"2025-06-02T22:28:00.000Z";"2025-06-02T12:26:00.000Z";"2781";0.1936320894;0.1960653367;0.1888721401;0.1953900082;1007324700.96;29216478825.13;149524606383.71;"2025-06-02T23:59:59.999Z"
"2025-06-01T00:00:00.000Z";"2025-06-01T23:59:59.999Z";"2025-06-01T23:11:00.000Z";"2025-06-01T10:00:00.000Z";"2781";0.1925778793;0.1947800211;0.1872679651;0.1936320894;939280531.94;28950116941.69;149510946383.71;"2025-06-01T23:59:59.999Z"
"2025-05-31T00:00:00.000Z";"2025-05-31T23:59:59.999Z";"2025-05-31T21:12:00.000Z";"2025-05-31T11:38:00.000Z";"2781";0.1934418617;0.1953521987;0.186062753;0.1925786403;1529424799.73;28789881933.07;149497346383.71;"2025-05-31T23:59:59.999Z"
"2025-05-30T00:00:00.000Z";"2025-05-30T23:59:59.999Z";"2025-05-30T00:28:00.000Z";"2025-05-30T23:31:00.000Z";"2781";0.2148367035;0.2162998722;0.1921345688;0.1934358871;2466944860.27;28916400655.6;149483676383.71;"2025-05-30T23:59:59.999Z"
"2025-05-29T00:00:00.000Z";"2025-05-29T23:59:59.999Z";"2025-05-29T03:02:00.000Z";"2025-05-29T23:53:00.000Z";"2781";0.2207822537;0.2278341018;0.2145832795;0.2148333313;1561923823.06;32111695000.28;149470246383.71;"2025-05-29T23:59:59.999Z"
"2025-05-28T00:00:00.000Z";"2025-05-28T23:59:59.999Z";"2025-05-28T01:01:00.000Z";"2025-05-28T19:55:00.000Z";"2781";0.2261612446;0.2276573934;0.2172164655;0.2207822537;1203668237.34;32997368592.43;149456616383.71;"2025-05-28T23:59:59.999Z"
"2025-05-27T00:00:00.000Z";"2025-05-27T23:59:59.999Z";"2025-05-27T13:22:00.000Z";"2025-05-27T01:25:00.000Z";"2781";0.2260300126;0.2320069541;0.2201104622;0.2261644243;1406054689.83;33798689248.06;149442996383.71;"2025-05-27T23:59:59.999Z"
"2025-05-26T00:00:00.000Z";"2025-05-26T23:59:59.999Z";"2025-05-26T07:14:00.000Z";"2025-05-26T17:52:00.000Z";"2781";0.2249828854;0.2302745403;0.2230100887;0.2260247608;1172026171.65;33775528344.45;149429396383.71;"2025-05-26T23:59:59.999Z"
"2025-05-25T00:00:00.000Z";"2025-05-25T23:59:59.999Z";"2025-05-25T00:10:00.000Z";"2025-05-25T15:28:00.000Z";"2781";0.2252968933;0.2262710588;0.2162308769;0.2249835677;1528958069.52;33615996988.85;149415796383.71;"2025-05-25T23:59:59.999Z"
"2025-05-24T00:00:00.000Z";"2025-05-24T23:59:59.999Z";"2025-05-24T04:59:00.000Z";"2025-05-24T23:11:00.000Z";"2781";0.2248139095;0.2303624749;0.224053563;0.2252968933;1223553026.51;33659875486.86;149402306383.71;"2025-05-24T23:59:59.999Z"
"2025-05-23T00:00:00.000Z";"2025-05-23T23:59:59.999Z";"2025-05-23T02:46:00.000Z";"2025-05-23T23:49:00.000Z";"2781";0.2450275273;0.2536171405;0.223777892;0.2248135914;3466192197.15;33584623151;149388546383.71;"2025-05-23T23:59:59.999Z"
"2025-05-22T00:00:00.000Z";"2025-05-22T23:59:59.999Z";"2025-05-22T23:49:00.000Z";"2025-05-22T00:00:00.000Z";"2781";0.2340682612;0.2454391769;0.2340642217;0.2450275273;2739121620.77;36600988455.95;149375006383.71;"2025-05-22T23:59:59.999Z"
"2025-05-21T00:00:00.000Z";"2025-05-21T23:59:59.999Z";"2025-05-21T16:52:00.000Z";"2025-05-21T17:58:00.000Z";"2781";0.226127006;0.2375834059;0.2232928826;0.2340579222;2813244923.54;34960743622.23;149361316383.71;"2025-05-21T23:59:59.999Z"
"2025-05-20T00:00:00.000Z";"2025-05-20T23:59:59.999Z";"2025-05-20T02:26:00.000Z";"2025-05-20T13:52:00.000Z";"2781";0.2244211585;0.2303272028;0.2180457047;0.2261255545;1815889700.61;33771538392.68;149347656383.71;"2025-05-20T23:59:59.999Z"
"2025-05-19T00:00:00.000Z";"2025-05-19T23:59:59.999Z";"2025-05-19T00:10:00.000Z";"2025-05-19T12:57:00.000Z";"2781";0.2339612041;0.2351429499;0.2145453543;0.2244211937;2122215648.03;33513686800.09;149333876383.71;"2025-05-19T23:59:59.999Z"
"2025-05-18T00:00:00.000Z";"2025-05-18T23:59:59.999Z";"2025-05-18T15:52:00.000Z";"2025-05-18T00:47:00.000Z";"2781";0.2146977108;0.2371566662;0.2143782428;0.2341814517;2360198976.35;34935111878.42;149320106383.71;"2025-05-18T23:59:59.999Z"
"2025-05-17T00:00:00.000Z";"2025-05-17T23:59:59.999Z";"2025-05-17T00:16:00.000Z";"2025-05-17T16:49:00.000Z";"2781";0.2212871244;0.2220454775;0.2114877061;0.2146980812;1499656752.9;32055803773.89;149306686383.71;"2025-05-17T23:59:59.999Z"
"2025-05-16T00:00:00.000Z";"2025-05-16T23:59:59.999Z";"2025-05-16T16:06:00.000Z";"2025-05-16T01:21:00.000Z";"2781";0.2191940999;0.2302962299;0.2183164877;0.2212871244;1759584218.3;33036628930.03;149293046383.71;"2025-05-16T23:59:59.999Z"
"2025-05-15T00:00:00.000Z";"2025-05-15T23:59:59.999Z";"2025-05-15T01:07:00.000Z";"2025-05-15T23:24:00.000Z";"2781";0.2328068974;0.2364367755;0.2149225307;0.2191893767;2477683429.04;32721127852.72;149279236383.71;"2025-05-15T23:59:59.999Z"
"2025-05-14T00:00:00.000Z";"2025-05-14T23:59:59.999Z";"2025-05-14T05:56:00.000Z";"2025-05-14T17:26:00.000Z";"2781";0.2412146771;0.2467685255;0.2287419533;0.2328077558;2249826077.3;34750197830.34;149265636383.71;"2025-05-14T23:59:59.999Z"
"2025-05-13T00:00:00.000Z";"2025-05-13T23:59:59.999Z";"2025-05-13T19:49:00.000Z";"2025-05-13T03:53:00.000Z";"2781";0.2310015014;0.2428989126;0.2180232413;0.2412146771;2734212255.82;36001726290.65;149251806383.71;"2025-05-13T23:59:59.999Z"
"2025-05-12T00:00:00.000Z";"2025-05-12T23:59:59.999Z";"2025-05-12T09:20:00.000Z";"2025-05-12T18:53:00.000Z";"2781";0.2315087347;0.2515410132;0.2221845956;0.2310015014;4628696012.37;34474258976.73;149238246383.71;"2025-05-12T23:59:59.999Z"
"2025-05-11T00:00:00.000Z";"2025-05-11T23:59:59.999Z";"2025-05-11T00:13:00.000Z";"2025-05-11T16:10:00.000Z";"2781";0.2486820966;0.2587393935;0.2235796187;0.2315076632;3518175098.37;34546776653.76;149224506383.71;"2025-05-11T23:59:59.999Z"
"2025-05-10T00:00:00.000Z";"2025-05-10T23:59:59.999Z";"2025-05-10T23:19:00.000Z";"2025-05-10T01:00:00.000Z";"2781";0.2052945571;0.2491103305;0.203610338;0.2486888217;3238796872.26;37106018868.65;149210656383.71;"2025-05-10T23:59:59.999Z"
"2025-05-09T00:00:00.000Z";"2025-05-09T23:59:59.999Z";"2025-05-09T08:37:00.000Z";"2025-05-09T04:41:00.000Z";"2781";0.1975810147;0.2126348944;0.1933391471;0.2052903314;2387581238.42;30628704932.14;149197016383.71;"2025-05-09T23:59:59.999Z"
"2025-05-08T00:00:00.000Z";"2025-05-08T23:59:59.999Z";"2025-05-08T23:49:00.000Z";"2025-05-08T00:49:00.000Z";"2781";0.1720096273;0.1979385081;0.1718934357;0.1975772409;1943565535.96;29475791030.82;149183316383.71;"2025-05-08T23:59:59.999Z"
"2025-05-07T00:00:00.000Z";"2025-05-07T23:59:59.999Z";"2025-05-07T00:27:00.000Z";"2025-05-07T19:36:00.000Z";"2781";0.1721151408;0.1740632213;0.1694806594;0.1720066539;677248571.05;25658603237.71;149169576383.71;"2025-05-07T23:59:59.999Z"
"2025-05-06T00:00:00.000Z";"2025-05-06T23:59:59.999Z";"2025-05-06T23:52:00.000Z";"2025-05-06T13:31:00.000Z";"2781";0.1706043697;0.1724020078;0.1643982461;0.1721155268;831221259.59;25672015640.57;149156056383.71;"2025-05-06T23:59:59.999Z"
"2025-05-05T00:00:00.000Z";"2025-05-05T23:59:59.999Z";"2025-05-05T09:33:00.000Z";"2025-05-05T20:38:00.000Z";"2781";0.1705520242;0.1745383577;0.1686662641;0.1706043697;689655043.62;25444358184.72;149142476383.71;"2025-05-05T23:59:59.999Z"
"2025-05-04T00:00:00.000Z";"2025-05-04T23:59:59.999Z";"2025-05-04T02:26:00.000Z";"2025-05-04T23:32:00.000Z";"2781";0.1757570043;0.1772635528;0.1701709939;0.1705523259;626186290.26;25434231730.11;149128876383.71;"2025-05-04T23:59:59.999Z"
"2025-05-03T00:00:00.000Z";"2025-05-03T23:59:59.999Z";"2025-05-03T00:21:00.000Z";"2025-05-03T23:38:00.000Z";"2781";0.1815766328;0.1820532647;0.1755080274;0.1757571387;577738364.98;26208052516.43;149115266383.71;"2025-05-03T23:59:59.999Z"
"2025-05-02T00:00:00.000Z";"2025-05-02T23:59:59.999Z";"2025-05-02T03:16:00.000Z";"2025-05-02T07:49:00.000Z";"2781";0.1807664895;0.184081709;0.1794396965;0.1815772107;1008214454.63;27073365814.08;149101596383.71;"2025-05-02T23:59:59.999Z"
"2025-05-01T00:00:00.000Z";"2025-05-01T23:59:59.999Z";"2025-05-01T17:19:00.000Z";"2025-05-01T00:03:00.000Z";"2781";0.1723406665;0.1832897793;0.1722939249;0.1807587394;1018176528.43;26950077578.93;149087796383.71;"2025-05-01T23:59:59.999Z"
"2025-04-30T00:00:00.000Z";"2025-04-30T23:59:59.999Z";"2025-04-30T03:57:00.000Z";"2025-04-30T14:01:00.000Z";"2781";0.1746401824;0.1763503388;0.1672689509;0.1723395378;970750123.01;25691510168.96;149073986383.71;"2025-04-30T23:59:59.999Z"
"2025-04-29T00:00:00.000Z";"2025-04-29T23:59:59.999Z";"2025-04-29T01:13:00.000Z";"2025-04-29T23:22:00.000Z";"2781";0.1789517075;0.1805412029;0.1727945065;0.1746362635;966758882.67;26031922594.92;149060326383.71;"2025-04-29T23:59:59.999Z"
"2025-04-28T00:00:00.000Z";"2025-04-28T23:59:59.999Z";"2025-04-28T11:43:00.000Z";"2025-04-28T01:44:00.000Z";"2781";0.1796730043;0.1826716154;0.1743727853;0.1789518259;1345897366.19;26672133977.93;149046546383.71;"2025-04-28T23:59:59.999Z"
"2025-04-27T00:00:00.000Z";"2025-04-27T23:59:59.999Z";"2025-04-27T00:22:00.000Z";"2025-04-27T05:31:00.000Z";"2781";0.1818906496;0.1831453241;0.1770026876;0.1796715741;1113159754.65;26777182847.21;149032866383.71;"2025-04-27T23:59:59.999Z"
"2025-04-26T00:00:00.000Z";"2025-04-26T23:59:59.999Z";"2025-04-26T02:04:00.000Z";"2025-04-26T21:04:00.000Z";"2781";0.181831574;0.1924431222;0.1804106324;0.1818903874;1467785871.7;27105129313.06;149018816383.71;"2025-04-26T23:59:59.999Z"
"2025-04-25T00:00:00.000Z";"2025-04-25T23:59:59.999Z";"2025-04-25T15:02:00.000Z";"2025-04-25T03:04:00.000Z";"2781";0.1824596765;0.1860348533;0.1781203011;0.1818295145;1731253892.75;27093873028.34;149005326383.71;"2025-04-25T23:59:59.999Z"
"2025-04-24T00:00:00.000Z";"2025-04-24T23:59:59.999Z";"2025-04-24T23:52:00.000Z";"2025-04-24T08:50:00.000Z";"2781";0.1786046889;0.1831445026;0.1702609337;0.1824569036;1479272163.82;27184985840.59;148991746383.71;"2025-04-24T23:59:59.999Z"
"2025-04-23T00:00:00.000Z";"2025-04-23T23:59:59.999Z";"2025-04-23T13:21:00.000Z";"2025-04-23T15:31:00.000Z";"2781";0.1786522294;0.1850221989;0.1756575266;0.1786045054;1860794550.34;26608168692.84;148977996383.71;"2025-04-23T23:59:59.999Z"
"2025-04-22T00:00:00.000Z";"2025-04-22T23:59:59.999Z";"2025-04-22T22:26:00.000Z";"2025-04-22T00:38:00.000Z";"2781";0.1593866994;0.1793711076;0.1579542558;0.1786484127;1568128901.81;26612853669.1;148964576383.71;"2025-04-22T23:59:59.999Z"
"2025-04-21T00:00:00.000Z";"2025-04-21T23:59:59.999Z";"2025-04-21T14:32:00.000Z";"2025-04-21T00:04:00.000Z";"2781";0.1551841167;0.1629342794;0.1551399531;0.159388102;1038358279.12;23740780585.02;148950826383.71;"2025-04-21T23:59:59.999Z"
"2025-04-20T00:00:00.000Z";"2025-04-20T23:59:59.999Z";"2025-04-20T06:11:00.000Z";"2025-04-20T16:05:00.000Z";"2781";0.1573334936;0.1592826111;0.1527450923;0.1551841167;637644889.27;23112687259.09;148937196383.71;"2025-04-20T23:59:59.999Z"
"2025-04-19T00:00:00.000Z";"2025-04-19T23:59:59.999Z";"2025-04-19T04:32:00.000Z";"2025-04-19T17:01:00.000Z";"2781";0.1576184752;0.1605557174;0.1565234364;0.1573334936;477710096.48;23430649242.09;148923466383.71;"2025-04-19T23:59:59.999Z"
"2025-04-18T00:00:00.000Z";"2025-04-18T23:59:59.999Z";"2025-04-18T22:08:00.000Z";"2025-04-18T02:17:00.000Z";"2781";0.155740901;0.1587698073;0.153774315;0.1576160055;477534243.58;23470941348.67;148909836383.71;"2025-04-18T23:59:59.999Z"
"2025-04-17T00:00:00.000Z";"2025-04-17T23:59:59.999Z";"2025-04-17T18:23:00.000Z";"2025-04-17T14:40:00.000Z";"2781";0.1546910651;0.1593510639;0.1531810317;0.1557401783;586169227.37;23189207527.16;148896066383.71;"2025-04-17T23:59:59.999Z"
"2025-04-16T00:00:00.000Z";"2025-04-16T23:59:59.999Z";"2025-04-16T20:22:00.000Z";"2025-04-16T18:02:00.000Z";"2781";0.1535473343;0.1570031759;0.1509436347;0.1546883945;823568608.14;23030802776.04;148882566383.71;"2025-04-16T23:59:59.999Z"
"2025-04-15T00:00:00.000Z";"2025-04-15T23:59:59.999Z";"2025-04-15T13:52:00.000Z";"2025-04-15T23:53:00.000Z";"2781";0.158502558;0.1610610095;0.153257901;0.1535496668;777400543.65;22858419129.53;148868876383.71;"2025-04-15T23:59:59.999Z"
"2025-04-14T00:00:00.000Z";"2025-04-14T23:59:59.999Z";"2025-04-14T02:37:00.000Z";"2025-04-14T21:40:00.000Z";"2781";0.1627917898;0.1686406051;0.1576890132;0.1585011835;988651638.75;23593938905.06;148855256383.71;"2025-04-14T23:59:59.999Z"
"2025-04-13T00:00:00.000Z";"2025-04-13T23:59:59.999Z";"2025-04-13T01:13:00.000Z";"2025-04-13T13:59:00.000Z";"2781";0.1676111273;0.1684889291;0.1613202705;0.1627921729;874509965.28;24230189877.09;148841596383.71;"2025-04-13T23:59:59.999Z"
"2025-04-12T00:00:00.000Z";"2025-04-12T23:59:59.999Z";"2025-04-12T22:46:00.000Z";"2025-04-12T03:01:00.000Z";"2781";0.1600891049;0.1693335446;0.1578768889;0.167610834;867802910.44;24945216520.96;148827926383.71;"2025-04-12T23:59:59.999Z"
"2025-04-11T00:00:00.000Z";"2025-04-11T23:59:59.999Z";"2025-04-11T21:25:00.000Z";"2025-04-11T01:01:00.000Z";"2781";0.1536680846;0.1621402665;0.1533625156;0.1600887106;864574134.64;23823560306.62;148814376383.71;"2025-04-11T23:59:59.999Z"
"2025-04-10T00:00:00.000Z";"2025-04-10T23:59:59.999Z";"2025-04-10T00:00:00.000Z";"2025-04-10T16:04:00.000Z";"2781";0.1603709793;0.1603769672;0.1494186593;0.1536663309;1231567925.54;22865910324.42;148800646383.71;"2025-04-10T23:59:59.999Z"
"2025-04-09T00:00:00.000Z";"2025-04-09T23:59:59.999Z";"2025-04-09T21:16:00.000Z";"2025-04-09T01:32:00.000Z";"2781";0.1421089537;0.1640258582;0.1367201504;0.1603710467;2265462273.16;23861125933.46;148787056383.71;"2025-04-09T23:59:59.999Z"
"2025-04-08T00:00:00.000Z";"2025-04-08T23:59:59.999Z";"2025-04-08T12:13:00.000Z";"2025-04-08T23:49:00.000Z";"2781";0.149520377;0.1567271125;0.1415137114;0.1421074288;1829881698.82;21142033112.45;148773406383.71;"2025-04-08T23:59:59.999Z"
"2025-04-07T00:00:00.000Z";"2025-04-07T23:59:59.999Z";"2025-04-07T14:20:00.000Z";"2025-04-07T07:06:00.000Z";"2781";0.1488454889;0.1525997412;0.1315072497;0.1495205591;3512035481.13;22242605880.38;148759696383.71;"2025-04-07T23:59:59.999Z"
"2025-04-06T00:00:00.000Z";"2025-04-06T23:59:59.999Z";"2025-04-06T01:28:00.000Z";"2025-04-06T23:25:00.000Z";"2781";0.1690269592;0.1697689342;0.1464523322;0.1488454889;1267445531.8;22140146743.82;148745836383.71;"2025-04-06T23:59:59.999Z"
"2025-04-05T00:00:00.000Z";"2025-04-05T23:59:59.999Z";"2025-04-05T01:34:00.000Z";"2025-04-05T13:55:00.000Z";"2781";0.1710978381;0.1714127651;0.1663776577;0.1690266406;607481979.54;25139728915.84;148732066383.71;"2025-04-05T23:59:59.999Z"
"2025-04-04T00:00:00.000Z";"2025-04-04T23:59:59.999Z";"2025-04-04T22:25:00.000Z";"2025-04-04T02:01:00.000Z";"2781";0.1620594363;0.1725789555;0.1604295987;0.1710984062;1645454215.98;25445377279.39;148718286383.71;"2025-04-04T23:59:59.999Z"
"2025-04-03T00:00:00.000Z";"2025-04-03T23:59:59.999Z";"2025-04-03T05:08:00.000Z";"2025-04-03T15:01:00.000Z";"2781";0.1641949499;0.1672396714;0.1557345249;0.1620602946;1201472794.8;24098923108.06;148704226383.71;"2025-04-03T23:59:59.999Z"
"2025-04-02T00:00:00.000Z";"2025-04-02T23:59:59.999Z";"2025-04-02T20:21:00.000Z";"2025-04-02T22:46:00.000Z";"2781";0.174085803;0.1786975917;0.1624089311;0.1641948725;1734215164.44;24414277862.21;148690796383.71;"2025-04-02T23:59:59.999Z"
"2025-04-01T00:00:00.000Z";"2025-04-01T23:59:59.999Z";"2025-04-01T16:03:00.000Z";"2025-04-01T01:14:00.000Z";"2781";0.1667162806;0.1751449798;0.166215345;0.174085803;1149373220.91;25882590861.71;148677206383.71;"2025-04-01T23:59:59.999Z"
"2025-03-31T00:00:00.000Z";"2025-03-31T23:59:59.999Z";"2025-03-31T15:52:00.000Z";"2025-03-31T10:13:00.000Z";"2781";0.1663188779;0.1682120413;0.1604916259;0.166715297;1321114552.56;24784588501.93;148663276383.71;"2025-03-31T23:59:59.999Z"
"2025-03-30T00:00:00.000Z";"2025-03-30T23:59:59.999Z";"2025-03-30T03:24:00.000Z";"2025-03-30T22:23:00.000Z";"2781";0.1695705328;0.1722100416;0.1649739018;0.1663189304;831596448.71;24723272327.72;148649826383.71;"2025-03-30T23:59:59.999Z"
"2025-03-29T00:00:00.000Z";"2025-03-29T23:59:59.999Z";"2025-03-29T00:44:00.000Z";"2025-03-29T17:19:00.000Z";"2781";0.1801914507;0.1822070343;0.1665832887;0.1695652468;1120659030.36;25203526537.54;148636156383.71;"2025-03-29T23:59:59.999Z"
"2025-03-28T00:00:00.000Z";"2025-03-28T23:59:59.999Z";"2025-03-28T02:22:00.000Z";"2025-03-28T21:04:00.000Z";"2781";0.1904953021;0.192580723;0.1774842941;0.1801896062;1407200952.58;26780483404.7;148622386383.71;"2025-03-28T23:59:59.999Z"
"2025-03-27T00:00:00.000Z";"2025-03-27T23:59:59.999Z";"2025-03-27T02:58:00.000Z";"2025-03-27T17:41:00.000Z";"2781";0.1947979988;0.2003842249;0.1883118698;0.1904946499;1282332600.67;28309254701.94;148608676383.71;"2025-03-27T23:59:59.999Z"
"2025-03-26T00:00:00.000Z";"2025-03-26T23:59:59.999Z";"2025-03-26T10:13:00.000Z";"2025-03-26T00:16:00.000Z";"2781";0.1909077047;0.205378984;0.1898520533;0.1947983691;2068603476.99;28945805332.13;148593956383.71;"2025-03-26T23:59:59.999Z"
"2025-03-25T00:00:00.000Z";"2025-03-25T23:59:59.999Z";"2025-03-25T15:10:00.000Z";"2025-03-25T04:04:00.000Z";"2781";0.1828897636;0.1933498177;0.181282903;0.1909096241;1549790933.57;28365325704.89;148581356383.71;"2025-03-25T23:59:59.999Z"
"2025-03-24T00:00:00.000Z";"2025-03-24T23:59:59.999Z";"2025-03-24T20:17:00.000Z";"2025-03-24T02:02:00.000Z";"2781";0.1722470753;0.1889464854;0.1708793932;0.182888883;1472602265.6;27171498069.25;148567626383.71;"2025-03-24T23:59:59.999Z"
"2025-03-23T00:00:00.000Z";"2025-03-23T23:59:59.999Z";"2025-03-23T23:59:00.000Z";"2025-03-23T00:13:00.000Z";"2781";0.167341768;0.1722529094;0.1671796939;0.1722529094;564898046.94;25587986230.9;148553966383.71;"2025-03-23T23:59:59.999Z"
"2025-03-22T00:00:00.000Z";"2025-03-22T23:59:59.999Z";"2025-03-22T19:37:00.000Z";"2025-03-22T23:25:00.000Z";"2781";0.167067874;0.169545506;0.1668039467;0.1673425121;438263314.46;24856997482.65;148540306383.71;"2025-03-22T23:59:59.999Z"
"2025-03-21T00:00:00.000Z";"2025-03-21T23:59:59.999Z";"2025-03-21T02:01:00.000Z";"2025-03-21T13:40:00.000Z";"2781";0.169351066;0.1714014288;0.1649585291;0.1670616641;743835418.56;24814012673.6;148526536383.71;"2025-03-21T23:59:59.999Z"
"2025-03-20T00:00:00.000Z";"2025-03-20T23:59:59.999Z";"2025-03-20T00:15:00.000Z";"2025-03-20T16:55:00.000Z";"2781";0.1780695774;0.1790062441;0.1670419263;0.169351471;959535286.18;25150824088.44;148512936383.71;"2025-03-20T23:59:59.999Z"
"2025-03-19T00:00:00.000Z";"2025-03-19T23:59:59.999Z";"2025-03-19T23:50:00.000Z";"2025-03-19T02:07:00.000Z";"2781";0.1680293031;0.1785173285;0.1670035187;0.1780645697;1238919491.01;26443189146.07;148499196383.71;"2025-03-19T23:59:59.999Z"
"2025-03-18T00:00:00.000Z";"2025-03-18T23:59:59.999Z";"2025-03-18T00:00:00.000Z";"2025-03-18T14:05:00.000Z";"2781";0.1734718271;0.1734718271;0.1632366038;0.1680293031;1046683877.7;24949912797.43;148485486383.71;"2025-03-18T23:59:59.999Z"
"2025-03-17T00:00:00.000Z";"2025-03-17T23:59:59.999Z";"2025-03-17T19:49:00.000Z";"2025-03-17T00:02:00.000Z";"2781";0.1682331254;0.175991629;0.1681933211;0.1734648977;1002401452.43;25755663383.73;148471736383.71;"2025-03-17T23:59:59.999Z"
"2025-03-16T00:00:00.000Z";"2025-03-16T23:59:59.999Z";"2025-03-16T00:46:00.000Z";"2025-03-16T14:01:00.000Z";"2781";0.1760673221;0.1766985818;0.1662270953;0.1682346316;935490544.53;24975572905.21;148458116383.71;"2025-03-16T23:59:59.999Z"
"2025-03-15T00:00:00.000Z";"2025-03-15T23:59:59.999Z";"2025-03-15T16:49:00.000Z";"2025-03-15T02:37:00.000Z";"2781";0.1717654452;0.1776117692;0.1715614053;0.1760681749;731309597.11;26136223201.71;148444486383.71;"2025-03-15T23:59:59.999Z"
"2025-03-14T00:00:00.000Z";"2025-03-14T23:59:59.999Z";"2025-03-14T15:37:00.000Z";"2025-03-14T00:11:00.000Z";"2781";0.1650653051;0.1757016693;0.1649269544;0.1717987638;1042050428.32;25494956454.4;148430926383.71;"2025-03-14T23:59:59.999Z"
"2025-03-13T00:00:00.000Z";"2025-03-13T23:59:59.999Z";"2025-03-13T00:28:00.000Z";"2025-03-13T21:22:00.000Z";"2781";0.172381265;0.1727108548;0.1620952052;0.1650651785;1437934838.14;24498671787.52;148417116383.71;"2025-03-13T23:59:59.999Z"
"2025-03-12T00:00:00.000Z";"2025-03-12T23:59:59.999Z";"2025-03-12T12:34:00.000Z";"2025-03-12T04:46:00.000Z";"2781";0.1641554037;0.1725131352;0.1597913802;0.172381265;1618464957.41;25581706812.32;148403506383.71;"2025-03-12T23:59:59.999Z"
"2025-03-11T00:00:00.000Z";"2025-03-11T23:59:59.999Z";"2025-03-11T20:01:00.000Z";"2025-03-11T01:08:00.000Z";"2781";0.1540583031;0.168317332;0.1453495339;0.164165732;2372945325.02;24360837549.45;148389876383.71;"2025-03-11T23:59:59.999Z"
"2025-03-10T00:00:00.000Z";"2025-03-10T23:59:59.999Z";"2025-03-10T09:25:00.000Z";"2025-03-10T19:05:00.000Z";"2781";0.1678033163;0.1802833968;0.151363847;0.154059567;2202314257.77;22858666068.5;148376446383.71;"2025-03-10T23:59:59.999Z"
"2025-03-09T00:00:00.000Z";"2025-03-09T23:59:59.999Z";"2025-03-09T01:08:00.000Z";"2025-03-09T18:25:00.000Z";"2781";0.1921711521;0.1939974745;0.1662866992;0.1678033163;1797791193.99;24896171169.24;148362716383.71;"2025-03-09T23:59:59.999Z"
"2025-03-08T00:00:00.000Z";"2025-03-08T23:59:59.999Z";"2025-03-08T01:10:00.000Z";"2025-03-08T17:13:00.000Z";"2781";0.1979734755;0.2006692195;0.1915060577;0.192171625;949946398.87;28509109591.8;148349046383.71;"2025-03-08T23:59:59.999Z"
"2025-03-07T00:00:00.000Z";"2025-03-07T23:59:59.999Z";"2025-03-07T14:49:00.000Z";"2025-03-07T00:56:00.000Z";"2781";0.2017271857;0.2083309662;0.1915472266;0.1979733673;1829178902.8;29365973769.9;148335386383.71;"2025-03-07T23:59:59.999Z"
"2025-03-06T00:00:00.000Z";"2025-03-06T23:59:59.999Z";"2025-03-06T05:43:00.000Z";"2025-03-06T19:34:00.000Z";"2781";0.2047188609;0.2192305399;0.1995663306;0.2017274067;1799078197.38;29920557063.29;148321596383.71;"2025-03-06T23:59:59.999Z"
"2025-03-05T00:00:00.000Z";"2025-03-05T23:59:59.999Z";"2025-03-05T10:38:00.000Z";"2025-03-05T04:31:00.000Z";"2781";0.1991426492;0.2059572096;0.1965834316;0.2047202772;1433656839.5;30361446121.89;148308006383.71;"2025-03-05T23:59:59.999Z"
"2025-03-04T00:00:00.000Z";"2025-03-04T23:59:59.999Z";"2025-03-04T21:31:00.000Z";"2025-03-04T16:37:00.000Z";"2781";0.1990819104;0.201628878;0.1837339496;0.199145671;2366639397.24;29531581121.36;148294416383.71;"2025-03-04T23:59:59.999Z"
"2025-03-03T00:00:00.000Z";"2025-03-03T23:59:59.999Z";"2025-03-03T00:01:00.000Z";"2025-03-03T22:01:00.000Z";"2781";0.239258978;0.2396527609;0.1942816433;0.1990759457;2824331185.18;29520338510.6;148280646383.71;"2025-03-03T23:59:59.999Z"
"2025-03-02T00:00:00.000Z";"2025-03-02T23:59:59.999Z";"2025-03-02T23:43:00.000Z";"2025-03-02T15:25:00.000Z";"2781";0.2065372193;0.2416695811;0.2019048759;0.2392669152;3319886567.61;35472097916.04;148267036383.71;"2025-03-02T23:59:59.999Z"
"2025-03-01T00:00:00.000Z";"2025-03-01T23:59:59.999Z";"2025-03-01T05:00:00.000Z";"2025-03-01T01:01:00.000Z";"2781";0.2019625758;0.2086972987;0.1994634224;0.2065372193;1197948865.86;30619596945.6;148253326383.71;"2025-03-01T23:59:59.999Z"
"2025-02-28T00:00:00.000Z";"2025-02-28T23:59:59.999Z";"2025-02-28T00:07:00.000Z";"2025-02-28T08:25:00.000Z";"2781";0.2068232859;0.2068589652;0.1818759815;0.201962518;2620914146.58;29938279299.8;148239706383.71;"2025-02-28T23:59:59.999Z"
"2025-02-27T00:00:00.000Z";"2025-02-27T23:59:59.999Z";"2025-02-27T11:01:00.000Z";"2025-02-27T01:12:00.000Z";"2781";0.2028525239;0.2112391675;0.2012553548;0.2068237303;1369944971.63;30656618645.39;148226146383.71;"2025-02-27T23:59:59.999Z"
"2025-02-26T00:00:00.000Z";"2025-02-26T23:59:59.999Z";"2025-02-26T03:22:00.000Z";"2025-02-26T18:58:00.000Z";"2781";0.2112679905;0.2135015756;0.1963640571;0.2055411258;2020402428.15;30459996145.49;148212626383.71;"2025-02-26T23:59:59.999Z"
"2025-02-25T00:00:00.000Z";"2025-02-25T23:59:59.999Z";"2025-02-25T22:12:00.000Z";"2025-02-25T10:24:00.000Z";"2781";0.2103727053;0.2139212276;0.1967638193;0.2123886163;3432761744.96;31474455603.97;148198976383.71;"2025-02-25T23:59:59.999Z"
"2025-02-24T00:00:00.000Z";"2025-02-24T23:59:59.999Z";"2025-02-24T00:16:00.000Z";"2025-02-24T23:01:00.000Z";"2781";0.2430215727;0.2438282429;0.208322202;0.210358772;2239353273.26;31173761226.62;148185226383.71;"2025-02-24T23:59:59.999Z"
"2025-02-23T00:00:00.000Z";"2025-02-23T23:59:59.999Z";"2025-02-23T07:45:00.000Z";"2025-02-23T20:38:00.000Z";"2781";0.2467235781;0.2474354328;0.2406552957;0.2430229508;707579810.62;36008857923.21;148171446383.71;"2025-02-23T23:59:59.999Z"
"2025-02-22T00:00:00.000Z";"2025-02-22T23:59:59.999Z";"2025-02-22T18:13:00.000Z";"2025-02-22T00:16:00.000Z";"2781";0.2393142142;0.2476646701;0.2383395778;0.2467234885;932077729.57;36554038924.4;148157866383.71;"2025-02-22T23:59:59.999Z"
"2025-02-21T00:00:00.000Z";"2025-02-21T23:59:59.999Z";"2025-02-21T13:49:00.000Z";"2025-02-21T21:43:00.000Z";"2781";0.2548577759;0.2609307839;0.2349189584;0.2393080597;2024664109.03;35453353686.64;148144296383.71;"2025-02-21T23:59:59.999Z"
"2025-02-20T00:00:00.000Z";"2025-02-20T23:59:59.999Z";"2025-02-20T14:37:00.000Z";"2025-02-20T16:05:00.000Z";"2781";0.2547669837;0.2574603833;0.2505124908;0.2548603979;1119395679.56;37752236887.1;148130606383.71;"2025-02-20T23:59:59.999Z"
"2025-02-19T00:00:00.000Z";"2025-02-19T23:59:59.999Z";"2025-02-19T12:31:00.000Z";"2025-02-19T01:28:00.000Z";"2781";0.2509032113;0.255223067;0.2492780426;0.2547679169;1007520306;37735269444.84;148116796383.71;"2025-02-19T23:59:59.999Z"
"2025-02-18T00:00:00.000Z";"2025-02-18T23:59:59.999Z";"2025-02-18T02:02:00.000Z";"2025-02-18T17:37:00.000Z";"2781";0.2581478752;0.2593939613;0.2426029929;0.2509005968;1601424562.14;37159527430.18;148103036383.71;"2025-02-18T23:59:59.999Z"
"2025-02-17T00:00:00.000Z";"2025-02-17T23:59:59.999Z";"2025-02-17T14:19:00.000Z";"2025-02-17T19:05:00.000Z";"2781";0.265757682;0.2684991084;0.2544844238;0.2581481675;1369340298.46;38228957853.24;148089376383.71;"2025-02-17T23:59:59.999Z"
"2025-02-16T00:00:00.000Z";"2025-02-16T23:59:59.999Z";"2025-02-16T00:40:00.000Z";"2025-02-16T18:38:00.000Z";"2781";0.2717260972;0.2738159814;0.2642379069;0.2657395776;969472255.41;39352272440.65;148075766383.71;"2025-02-16T23:59:59.999Z"
"2025-02-15T00:00:00.000Z";"2025-02-15T23:59:59.999Z";"2025-02-15T03:04:00.000Z";"2025-02-15T20:53:00.000Z";"2781";0.2719315772;0.2826794563;0.2689409669;0.2717244477;1624562147.03;40232327443.25;148062066383.71;"2025-02-15T23:59:59.999Z"
"2025-02-14T00:00:00.000Z";"2025-02-14T23:59:59.999Z";"2025-02-14T17:56:00.000Z";"2025-02-14T05:50:00.000Z";"2781";0.2624905462;0.2852933075;0.261209931;0.2719288582;2320487583.78;40259052968.95;148048466383.71;"2025-02-14T23:59:59.999Z"
"2025-02-13T00:00:00.000Z";"2025-02-13T23:59:59.999Z";"2025-02-13T01:52:00.000Z";"2025-02-13T14:19:00.000Z";"2781";0.2641295715;0.2669177716;0.2540502356;0.2624922962;1492303516.88;38857726681.72;148034766383.71;"2025-02-13T23:59:59.999Z"
"2025-02-12T00:00:00.000Z";"2025-02-12T23:59:59.999Z";"2025-02-12T22:34:00.000Z";"2025-02-12T14:32:00.000Z";"2781";0.2531234599;0.2670299227;0.2488906853;0.2641216012;1949247514.15;39096724986.67;148021006383.71;"2025-02-12T23:59:59.999Z"
"2025-02-11T00:00:00.000Z";"2025-02-11T23:59:59.999Z";"2025-02-11T06:53:00.000Z";"2025-02-11T19:50:00.000Z";"2781";0.2552643303;0.2692325566;0.2490311964;0.2531224723;1721245014.57;37463977837.25;148007316383.71;"2025-02-11T23:59:59.999Z"
"2025-02-10T00:00:00.000Z";"2025-02-10T23:59:59.999Z";"2025-02-10T20:50:00.000Z";"2025-02-10T02:16:00.000Z";"2781";0.2492894151;0.2559249062;0.2420612849;0.2552596118;1342589438.92;37777516902.37;147993716383.71;"2025-02-10T23:59:59.999Z"
"2025-02-09T00:00:00.000Z";"2025-02-09T23:59:59.999Z";"2025-02-09T03:53:00.000Z";"2025-02-09T22:07:00.000Z";"2781";0.2532650311;0.2598357335;0.240306356;0.2492900401;1242077795.13;36889844249.95;147979986383.71;"2025-02-09T23:59:59.999Z"
"2025-02-08T00:00:00.000Z";"2025-02-08T23:59:59.999Z";"2025-02-08T23:44:00.000Z";"2025-02-08T05:22:00.000Z";"2781";0.2466130944;0.2539501351;0.2449922525;0.2532660995;989182891.03;37474703854.53;147966356383.71;"2025-02-08T23:59:59.999Z"
"2025-02-07T00:00:00.000Z";"2025-02-07T23:59:59.999Z";"2025-02-07T14:23:00.000Z";"2025-02-07T22:35:00.000Z";"2781";0.2480792137;0.2612172222;0.2395444048;0.2466125931;2042225148.81;36487092008.55;147952776383.71;"2025-02-07T23:59:59.999Z"
"2025-02-06T00:00:00.000Z";"2025-02-06T23:59:59.999Z";"2025-02-06T07:01:00.000Z";"2025-02-06T20:01:00.000Z";"2781";0.2562325689;0.2656953842;0.2439424388;0.248084302;1892595490.34;36700671758.46;147939326383.71;"2025-02-06T23:59:59.999Z"
"2025-02-05T00:00:00.000Z";"2025-02-05T23:59:59.999Z";"2025-02-05T12:21:00.000Z";"2025-02-05T18:56:00.000Z";"2781";0.2641282948;0.2690282688;0.2543718314;0.2562331796;1818131453.64;37903370940.73;147925656383.71;"2025-02-05T23:59:59.999Z"
"2025-02-04T00:00:00.000Z";"2025-02-04T23:59:59.999Z";"2025-02-04T01:43:00.000Z";"2025-02-04T21:58:00.000Z";"2781";0.2850161673;0.2884672286;0.2562924748;0.2641436029;4306969827.15;39067743383.48;147911996383.71;"2025-02-04T23:59:59.999Z"
"2025-02-03T00:00:00.000Z";"2025-02-03T23:59:59.999Z";"2025-02-03T22:31:00.000Z";"2025-02-03T02:10:00.000Z";"2781";0.2675104879;0.2924642476;0.2117196547;0.2850036741;11007373557.31;42153422685.7;147898356383.71;"2025-02-03T23:59:59.999Z"
"2025-02-02T00:00:00.000Z";"2025-02-02T23:59:59.999Z";"2025-02-02T01:22:00.000Z";"2025-02-02T23:29:00.000Z";"2781";0.3083768892;0.314589188;0.25455479;0.2675091732;5607210222.37;39560494139.89;147884626383.71;"2025-02-02T23:59:59.999Z"
"2025-02-01T00:00:00.000Z";"2025-02-01T23:59:59.999Z";"2025-02-01T02:21:00.000Z";"2025-02-01T23:28:00.000Z";"2781";0.3287271253;0.3318936893;0.3042644665;0.3083571769;1577548524.41;45600041037.81;147871136383.71;"2025-02-01T23:59:59.999Z"
"2025-01-31T00:00:00.000Z";"2025-01-31T23:59:59.999Z";"2025-01-31T15:40:00.000Z";"2025-01-31T20:25:00.000Z";"2781";0.3315071883;0.3406770158;0.3243130625;0.3287280312;1796042121.69;48604920115.97;147857546383.71;"2025-01-31T23:59:59.999Z"
"2025-01-30T00:00:00.000Z";"2025-01-30T23:59:59.999Z";"2025-01-30T15:50:00.000Z";"2025-01-30T00:33:00.000Z";"2781";0.3238706551;0.3380838322;0.3228711453;0.3315085878;1365524938.61;49011484835.03;147843786383.71;"2025-01-30T23:59:59.999Z"
"2025-01-29T00:00:00.000Z";"2025-01-29T23:59:59.999Z";"2025-01-29T20:34:00.000Z";"2025-01-29T19:29:00.000Z";"2781";0.3190736585;0.3335090712;0.3179412749;0.3238638455;1981300958.99;47877872268.84;147830226383.71;"2025-01-29T23:59:59.999Z"
"2025-01-28T00:00:00.000Z";"2025-01-28T23:59:59.999Z";"2025-01-28T05:49:00.000Z";"2025-01-28T22:34:00.000Z";"2781";0.3338180501;0.3386459848;0.3158354094;0.3190736585;2019292120.09;47164372619.52;147816566383.71;"2025-01-28T23:59:59.999Z"
"2025-01-27T00:00:00.000Z";"2025-01-27T23:59:59.999Z";"2025-01-27T00:10:00.000Z";"2025-01-27T07:31:00.000Z";"2781";0.3363225012;0.336741169;0.3078100258;0.3338215346;4453314117.45;49339281343.76;147802916383.71;"2025-01-27T23:59:59.999Z"
"2025-01-26T00:00:00.000Z";"2025-01-26T23:59:59.999Z";"2025-01-26T04:29:00.000Z";"2025-01-26T23:57:00.000Z";"2781";0.3537852726;0.3570226237;0.3363007972;0.33632636;1263299831.79;49705392370.4;147789166383.71;"2025-01-26T23:59:59.999Z"
"2025-01-25T00:00:00.000Z";"2025-01-25T23:59:59.999Z";"2025-01-25T22:08:00.000Z";"2025-01-25T10:33:00.000Z";"2781";0.3507453781;0.3595882177;0.3459597399;0.3537760395;1500843148.13;52279468760.44;147775606383.71;"2025-01-25T23:59:59.999Z"
"2025-01-24T00:00:00.000Z";"2025-01-24T23:59:59.999Z";"2025-01-24T11:01:00.000Z";"2025-01-24T02:51:00.000Z";"2781";0.3523017143;0.3638927205;0.3432879986;0.3507399257;2122786422.09;51826077225.26;147762126383.71;"2025-01-24T23:59:59.999Z"
"2025-01-23T00:00:00.000Z";"2025-01-23T23:59:59.999Z";"2025-01-23T00:10:00.000Z";"2025-01-23T21:34:00.000Z";"2781";0.3629800632;0.3640869151;0.3429927782;0.3523530082;3093003294.46;52052080272.3;147748586383.71;"2025-01-23T23:59:59.999Z"
"2025-01-22T00:00:00.000Z";"2025-01-22T23:59:59.999Z";"2025-01-22T03:34:00.000Z";"2025-01-22T18:59:00.000Z";"2781";0.3715881828;0.3733418355;0.3559886277;0.363055515;2940097446.32;53624854700.16;147734986383.71;"2025-01-22T23:59:59.999Z"
"2025-01-21T00:00:00.000Z";"2025-01-21T23:59:59.999Z";"2025-01-21T11:50:00.000Z";"2025-01-21T04:38:00.000Z";"2781";0.3545732328;0.4001700051;0.3358994784;0.3715769038;9507969593.82;54891473215.16;147721256383.71;"2025-01-21T23:59:59.999Z"
"2025-01-20T00:00:00.000Z";"2025-01-20T23:59:59.999Z";"2025-01-20T07:07:00.000Z";"2025-01-20T00:51:00.000Z";"2781";0.357738698;0.3849730822;0.3472472846;0.3546084756;8850825868.76;52373181226.66;147707656383.71;"2025-01-20T23:59:59.999Z"
"2025-01-19T00:00:00.000Z";"2025-01-19T23:59:59.999Z";"2025-01-19T02:55:00.000Z";"2025-01-19T23:41:00.000Z";"2781";0.3960847451;0.4089650872;0.3521204979;0.3577569087;9531626100.93;52835886582.56;147694076383.71;"2025-01-19T23:59:59.999Z"
"2025-01-18T00:00:00.000Z";"2025-01-18T23:59:59.999Z";"2025-01-18T01:07:00.000Z";"2025-01-18T18:22:00.000Z";"2781";0.4159129937;0.4335121443;0.3872387;0.396081336;7331618418.16;58493944241.04;147680376383.71;"2025-01-18T23:59:59.999Z"
"2025-01-17T00:00:00.000Z";"2025-01-17T23:59:59.999Z";"2025-01-17T16:31:00.000Z";"2025-01-17T00:30:00.000Z";"2781";0.3767063281;0.4205011277;0.3759727929;0.4159393571;6276540244.66;61416506087.39;147666716383.71;"2025-01-17T23:59:59.999Z"
"2025-01-16T00:00:00.000Z";"2025-01-16T23:59:59.999Z";"2025-01-16T18:09:00.000Z";"2025-01-16T08:54:00.000Z";"2781";0.3857127409;0.3893487207;0.3684609383;0.3767479672;4097841421.31;55621882141.04;147653166383.71;"2025-01-16T23:59:59.999Z"
"2025-01-15T00:00:00.000Z";"2025-01-15T23:59:59.999Z";"2025-01-15T23:46:00.000Z";"2025-01-15T12:30:00.000Z";"2781";0.35611987;0.3873535311;0.3487444666;0.3857100678;4079184870.54;56946477236.31;147639606383.71;"2025-01-15T23:59:59.999Z"
"2025-01-14T00:00:00.000Z";"2025-01-14T23:59:59.999Z";"2025-01-14T18:40:00.000Z";"2025-01-14T00:19:00.000Z";"2781";0.3382971018;0.3610912366;0.3360581524;0.3561198496;3143614166.96;52571803436.49;147625896383.71;"2025-01-14T23:59:59.999Z"
"2025-01-13T00:00:00.000Z";"2025-01-13T23:59:59.999Z";"2025-01-13T00:43:00.000Z";"2025-01-13T14:37:00.000Z";"2781";0.3359558436;0.3452137952;0.3113989555;0.3382993446;3713750867.85;49936839120.79;147612376383.71;"2025-01-13T23:59:59.999Z"
"2025-01-12T00:00:00.000Z";"2025-01-12T23:59:59.999Z";"2025-01-12T04:40:00.000Z";"2025-01-12T22:24:00.000Z";"2781";0.3409496348;0.342988795;0.3322782761;0.3359589807;1436724129.37;49586661354.67;147598746383.71;"2025-01-12T23:59:59.999Z"
"2025-01-11T00:00:00.000Z";"2025-01-11T23:59:59.999Z";"2025-01-11T22:01:00.000Z";"2025-01-11T04:43:00.000Z";"2781";0.333979288;0.3478112411;0.3300748942;0.3409552383;1461005906.51;50319105166.36;147585156383.71;"2025-01-11T23:59:59.999Z"
"2025-01-10T00:00:00.000Z";"2025-01-10T23:59:59.999Z";"2025-01-10T07:46:00.000Z";"2025-01-10T00:00:00.000Z";"2781";0.3209085698;0.338533592;0.3208905798;0.333980516;3222794654.51;49285846669.3;147571566383.71;"2025-01-10T23:59:59.999Z"
"2025-01-09T00:00:00.000Z";"2025-01-09T23:59:59.999Z";"2025-01-09T01:28:00.000Z";"2025-01-09T20:26:00.000Z";"2781";0.3422467918;0.346285887;0.3151028292;0.3209116644;3614560189.79;47352558196.68;147557786383.71;"2025-01-09T23:59:59.999Z"
"2025-01-08T00:00:00.000Z";"2025-01-08T23:59:59.999Z";"2025-01-08T04:13:00.000Z";"2025-01-08T17:38:00.000Z";"2781";0.3484362305;0.3551113812;0.3268098288;0.3422483827;4416730764.64;50496534704.19;147544216383.71;"2025-01-08T23:59:59.999Z"
"2025-01-07T00:00:00.000Z";"2025-01-07T23:59:59.999Z";"2025-01-07T02:04:00.000Z";"2025-01-07T23:58:00.000Z";"2781";0.3879517159;0.3978083746;0.3484216537;0.3484372469;5280516863.34;51404997921.6;147530576383.71;"2025-01-07T23:59:59.999Z"
"2025-01-06T00:00:00.000Z";"2025-01-06T23:59:59.999Z";"2025-01-06T16:17:00.000Z";"2025-01-06T01:23:00.000Z";"2781";0.3824935615;0.3937019417;0.3765512706;0.3879568503;2937148475.33;57229553334.82;147517206383.71;"2025-01-06T23:59:59.999Z"
"2025-01-05T00:00:00.000Z";"2025-01-05T23:59:59.999Z";"2025-01-05T00:19:00.000Z";"2025-01-05T14:20:00.000Z";"2781";0.3947464598;0.3973053326;0.3763155558;0.382563381;2594267525.17;56419107066.95;147503416383.71;"2025-01-05T23:59:59.999Z"
"2025-01-04T00:00:00.000Z";"2025-01-04T23:59:59.999Z";"2025-01-04T22:50:00.000Z";"2025-01-04T01:19:00.000Z";"2781";0.3792828773;0.3979973154;0.3780430878;0.3947461972;4431717186.85;58221039450.17;147489706383.71;"2025-01-04T23:59:59.999Z"
"2025-01-03T00:00:00.000Z";"2025-01-03T23:59:59.999Z";"2025-01-03T22:06:00.000Z";"2025-01-03T01:17:00.000Z";"2781";0.3386101104;0.3877968446;0.3358855771;0.3792794745;4823481336.36;55935146784.07;147476066383.71;"2025-01-03T23:59:59.999Z"
"2025-01-02T00:00:00.000Z";"2025-01-02T23:59:59.999Z";"2025-01-02T10:33:00.000Z";"2025-01-02T00:00:00.000Z";"2781";0.324305542;0.3441780772;0.3242916784;0.3386101104;3205163576.23;49932241383.68;147462346383.71;"2025-01-02T23:59:59.999Z"
"2025-01-01T00:00:00.000Z";"2025-01-01T23:59:59.999Z";"2025-01-01T21:25:00.000Z";"2025-01-01T09:44:00.000Z";"2781";0.3156821068;0.326478414;0.311723411;0.3243057406;1532271285.94;47818409944.8;147448636383.71;"2025-01-01T23:59:59.999Z"
"2024-12-31T00:00:00.000Z";"2024-12-31T23:59:59.999Z";"2024-12-31T14:49:00.000Z";"2024-12-31T05:21:00.000Z";"2781";0.3135177564;0.3278658214;0.3094030546;0.3156807055;2204579837.59;46542609212.52;147435056383.71;"2024-12-31T23:59:59.999Z"
"2024-12-30T00:00:00.000Z";"2024-12-30T23:59:59.999Z";"2024-12-30T12:28:00.000Z";"2024-12-30T15:25:00.000Z";"2781";0.3143196708;0.3224803646;0.3065466622;0.3135135011;2526977894.56;46219241116.11;147421446383.71;"2024-12-30T23:59:59.999Z"
"2024-12-29T00:00:00.000Z";"2024-12-29T23:59:59.999Z";"2024-12-29T08:01:00.000Z";"2024-12-29T22:25:00.000Z";"2781";0.3239172215;0.3289332616;0.3116670347;0.3143197681;1654780626.01;46333185744.78;147407846383.71;"2024-12-29T23:59:59.999Z"
"2024-12-28T00:00:00.000Z";"2024-12-28T23:59:59.999Z";"2024-12-28T22:55:00.000Z";"2024-12-28T00:00:00.000Z";"2781";0.3110564744;0.3258576918;0.3110564744;0.3239189874;1410132054.34;47743531517.59;147394236383.71;"2024-12-28T23:59:59.999Z"
"2024-12-27T00:00:00.000Z";"2024-12-27T23:59:59.999Z";"2024-12-27T09:24:00.000Z";"2024-12-27T23:42:00.000Z";"2781";0.3122554806;0.3238474113;0.3097641713;0.311036297;2157162506.39;45843670039.43;147380536383.71;"2024-12-27T23:59:59.999Z"
"2024-12-26T00:00:00.000Z";"2024-12-26T23:59:59.999Z";"2024-12-26T00:20:00.000Z";"2024-12-26T21:19:00.000Z";"2781";0.3343037065;0.3373805086;0.3089983725;0.3122561732;2514756815.54;46016139787.37;147366956383.71;"2024-12-26T23:59:59.999Z"
"2024-12-25T00:00:00.000Z";"2024-12-25T23:59:59.999Z";"2024-12-25T10:25:00.000Z";"2024-12-25T16:42:00.000Z";"2781";0.3369256344;0.3413655231;0.3268987399;0.3343190576;2538802503.79;49260756490;147353306383.71;"2024-12-25T23:59:59.999Z"
"2024-12-24T00:00:00.000Z";"2024-12-24T23:59:59.999Z";"2024-12-24T15:46:00.000Z";"2024-12-24T02:22:00.000Z";"2781";0.3242182182;0.3394340438;0.316393027;0.3369237512;3138423653.72;49642503828.13;147339646383.71;"2024-12-24T23:59:59.999Z"
"2024-12-23T00:00:00.000Z";"2024-12-23T23:59:59.999Z";"2024-12-23T21:29:00.000Z";"2024-12-23T01:22:00.000Z";"2781";0.3121987341;0.3278819611;0.3032776359;0.3242188065;4390431993.1;47765755832.23;147325946383.71;"2024-12-23T23:59:59.999Z"
"2024-12-22T00:00:00.000Z";"2024-12-22T23:59:59.999Z";"2024-12-22T09:49:00.000Z";"2024-12-22T20:12:00.000Z";"2781";0.3209042916;0.3240319184;0.3057178135;0.3121923274;4115525340.58;45990706197.03;147312276383.71;"2024-12-22T23:59:59.999Z"
"2024-12-21T00:00:00.000Z";"2024-12-21T23:59:59.999Z";"2024-12-21T07:44:00.000Z";"2024-12-21T00:20:00.000Z";"2781";0.3177185939;0.3494056472;0.3152487942;0.3209511024;6875286934.43;47268777400.19;147298676383.71;"2024-12-21T23:59:59.999Z"
"2024-12-20T00:00:00.000Z";"2024-12-20T23:59:59.999Z";"2024-12-20T02:55:00.000Z";"2024-12-20T11:46:00.000Z";"2781";0.3150535405;0.3280571259;0.2644403486;0.3177129903;11414899319.26;46795201020.84;147285056383.71;"2024-12-20T23:59:59.999Z"
"2024-12-19T00:00:00.000Z";"2024-12-19T23:59:59.999Z";"2024-12-19T10:50:00.000Z";"2024-12-19T20:14:00.000Z";"2781";0.3580465141;0.3670362422;0.3027687249;0.3150659477;9565836572.51;46398400054.15;147271476383.71;"2024-12-19T23:59:59.999Z"
"2024-12-18T00:00:00.000Z";"2024-12-18T23:59:59.999Z";"2024-12-18T00:19:00.000Z";"2024-12-18T20:12:00.000Z";"2781";0.3943410959;0.3961633073;0.3564941805;0.3580386425;5749656033.32;52725144245.7;147257806383.71;"2024-12-18T23:59:59.999Z"
"2024-12-17T00:00:00.000Z";"2024-12-17T23:59:59.999Z";"2024-12-17T13:55:00.000Z";"2024-12-17T23:13:00.000Z";"2781";0.4019345929;0.4098993369;0.3915962525;0.394337451;3618256202.83;58064433818.84;147244186383.71;"2024-12-17T23:59:59.999Z"
"2024-12-16T00:00:00.000Z";"2024-12-16T23:59:59.999Z";"2024-12-16T00:52:00.000Z";"2024-12-16T11:59:00.000Z";"2781";0.4062948711;0.4135943924;0.3927359372;0.4019340807;3891164218.82;59177017571.6;147230466383.71;"2024-12-16T23:59:59.999Z"
"2024-12-15T00:00:00.000Z";"2024-12-15T23:59:59.999Z";"2024-12-15T23:28:00.000Z";"2024-12-15T07:46:00.000Z";"2781";0.3979720394;0.4098347389;0.3929085113;0.4062723233;2654366167.41;59813372428.84;147216656383.71;"2024-12-15T23:59:59.999Z"
"2024-12-14T00:00:00.000Z";"2024-12-14T23:59:59.999Z";"2024-12-14T01:29:00.000Z";"2024-12-14T18:57:00.000Z";"2781";0.4090808523;0.4127538021;0.3881394933;0.3979755787;3165759137.24;58582672703.29;147202986383.71;"2024-12-14T23:59:59.999Z"
"2024-12-13T00:00:00.000Z";"2024-12-13T23:59:59.999Z";"2024-12-13T15:02:00.000Z";"2024-12-13T01:26:00.000Z";"2781";0.406548219;0.4116874319;0.3998616764;0.4090808523;3815608761.17;60212330995.03;147189316383.71;"2024-12-13T23:59:59.999Z"
"2024-12-12T00:00:00.000Z";"2024-12-12T23:59:59.999Z";"2024-12-12T05:41:00.000Z";"2024-12-12T19:59:00.000Z";"2781";0.4144945245;0.4233588992;0.4017441041;0.406548146;5601004924.61;59833964400.82;147175566383.71;"2024-12-12T23:59:59.999Z"
"2024-12-11T00:00:00.000Z";"2024-12-11T23:59:59.999Z";"2024-12-11T22:11:00.000Z";"2024-12-11T02:05:00.000Z";"2781";0.3945122944;0.4187884424;0.3766333436;0.4144919301;6670843571.07;60997758821.44;147161796383.71;"2024-12-11T23:59:59.999Z"
"2024-12-10T00:00:00.000Z";"2024-12-10T23:59:59.999Z";"2024-12-10T00:39:00.000Z";"2024-12-10T18:13:00.000Z";"2781";0.4147222376;0.4224071893;0.3668396462;0.3945198228;11257345382.78;58051776511.6;147148206383.71;"2024-12-10T23:59:59.999Z"
"2024-12-09T00:00:00.000Z";"2024-12-09T23:59:59.999Z";"2024-12-09T00:00:00.000Z";"2024-12-09T21:08:00.000Z";"2781";0.4672990859;0.4672990859;0.3847211902;0.414719122;11830538829.95;61019955868.25;147134516383.71;"2024-12-09T23:59:59.999Z"
"2024-12-08T00:00:00.000Z";"2024-12-08T23:59:59.999Z";"2024-12-08T04:28:00.000Z";"2024-12-08T09:57:00.000Z";"2781";0.4538910655;0.4835103667;0.4482403269;0.4672969502;8171222257.49;68749479090.13;147120936383.71;"2024-12-08T23:59:59.999Z"
"2024-12-07T00:00:00.000Z";"2024-12-07T23:59:59.999Z";"2024-12-07T18:25:00.000Z";"2024-12-07T05:49:00.000Z";"2781";0.4357122635;0.4660390706;0.432128465;0.4538874245;8127914572.15;66770660266.45;147107236383.71;"2024-12-07T23:59:59.999Z"
"2024-12-06T00:00:00.000Z";"2024-12-06T23:59:59.999Z";"2024-12-06T20:23:00.000Z";"2024-12-06T13:30:00.000Z";"2781";0.4278938558;0.4417822833;0.4212600814;0.4357091272;6668459792.7;64090448966.85;147093516383.71;"2024-12-06T23:59:59.999Z"
"2024-12-05T00:00:00.000Z";"2024-12-05T23:59:59.999Z";"2024-12-05T05:04:00.000Z";"2024-12-05T01:28:00.000Z";"2781";0.4319026871;0.4634041673;0.4090105778;0.4305856548;15284058218.87;63349844443.4;147080056383.71;"2024-12-05T23:59:59.999Z"
"2024-12-04T00:00:00.000Z";"2024-12-04T23:59:59.999Z";"2024-12-04T21:23:00.000Z";"2024-12-04T16:53:00.000Z";"2781";0.4078513034;0.4356257393;0.4019590132;0.4319573913;8065078708.85;63518354508.61;147066356383.71;"2024-12-04T23:59:59.999Z"
"2024-12-03T00:00:00.000Z";"2024-12-03T23:59:59.999Z";"2024-12-03T00:15:00.000Z";"2024-12-03T14:37:00.000Z";"2781";0.424672479;0.4280486383;0.3914723588;0.4078820733;9362620938.94;59975735856.77;147052946383.71;"2024-12-03T23:59:59.999Z"
"2024-12-02T00:00:00.000Z";"2024-12-02T23:59:59.999Z";"2024-12-02T02:16:00.000Z";"2024-12-02T11:13:00.000Z";"2781";0.4400494667;0.4602452549;0.4051118217;0.4246700076;13072433718.37;62443589223.63;147039406383.71;"2024-12-02T23:59:59.999Z"
"2024-12-01T00:00:00.000Z";"2024-12-01T23:59:59.999Z";"2024-12-01T22:01:00.000Z";"2024-12-01T02:43:00.000Z";"2781";0.4219684361;0.449280557;0.4176935992;0.4400230105;8333397828.63;64698618882.1;147025786383.71;"2024-12-01T23:59:59.999Z"
"2024-11-30T00:00:00.000Z";"2024-11-30T23:59:59.999Z";"2024-11-30T08:49:00.000Z";"2024-11-30T02:49:00.000Z";"2781";0.4258385696;0.4347012027;0.4153613792;0.4219710342;5601447294.04;62034515038.6;147012216383.71;"2024-11-30T23:59:59.999Z"
"2024-11-29T00:00:00.000Z";"2024-11-29T23:59:59.999Z";"2024-11-29T20:40:00.000Z";"2024-11-29T00:56:00.000Z";"2781";0.4020192199;0.4370858791;0.3999919309;0.425839109;6768739921.79;62597723122.73;146998716383.71;"2024-11-29T23:59:59.999Z"
"2024-11-28T00:00:00.000Z";"2024-11-28T23:59:59.999Z";"2024-11-28T02:34:00.000Z";"2024-11-28T15:57:00.000Z";"2781";0.4015154408;0.4273046052;0.3922588073;0.4020183317;5955119387.95;59090817700.93;146985056383.71;"2024-11-28T23:59:59.999Z"
"2024-11-27T00:00:00.000Z";"2024-11-27T23:59:59.999Z";"2024-11-27T20:31:00.000Z";"2024-11-27T01:13:00.000Z";"2781";0.3876145439;0.4080524453;0.3816914554;0.4015253277;6388400975.64;59011252888.78;146971316383.71;"2024-11-27T23:59:59.999Z"
"2024-11-26T00:00:00.000Z";"2024-11-26T23:59:59.999Z";"2024-11-26T06:30:00.000Z";"2024-11-26T11:43:00.000Z";"2781";0.3933106155;0.4083722718;0.3673193219;0.3876183651;8847260920.46;56962955960.41;146957736383.71;"2024-11-26T23:59:59.999Z"
"2024-11-25T00:00:00.000Z";"2024-11-25T23:59:59.999Z";"2024-11-25T09:43:00.000Z";"2024-11-25T22:40:00.000Z";"2781";0.4298949602;0.4370420296;0.3815148469;0.3933401432;9773285005.67;57799004054.45;146944076383.71;"2024-11-25T23:59:59.999Z"
"2024-11-24T00:00:00.000Z";"2024-11-24T23:59:59.999Z";"2024-11-24T02:10:00.000Z";"2024-11-24T12:50:00.000Z";"2781";0.4300122548;0.4524279156;0.4009668036;0.4298820499;12213185936.98;63146170897.71;146930276383.71;"2024-11-24T23:59:59.999Z"